

Microchip MPLAB XC8 Assembler V3.10 build 20250813170317 
                                                                                               Tue Sep 22 09:47:43 2026

Microchip MPLAB XC8 C Compiler v3.10 (Free license) build 20250813170317 Og1 
     1                           	processor	16F15325
     2                           	pagewidth 120
     3                           	opt	flic
     4                           	psect	cinit,global,class=CODE,space=0,merge=1,delta=2
     5                           	psect	bssCOMMON,global,class=COMMON,space=1,delta=1,noexec
     6                           	psect	bssBANK0,global,class=BANK0,space=1,delta=1,noexec
     7                           	psect	cstackCOMMON,global,class=COMMON,space=1,delta=1,noexec
     8                           	psect	cstackBANK0,global,class=BANK0,space=1,delta=1,noexec
     9                           	psect	maintext,global,class=CODE,space=0,merge=1,split=1,delta=2
    10                           	psect	text1,local,class=CODE,space=0,merge=1,delta=2
    11                           	psect	text2,local,class=CODE,space=0,merge=1,delta=2
    12                           	psect	text3,local,class=CODE,space=0,merge=1,delta=2
    13                           	psect	intentry,global,class=CODE,space=0,delta=2
    14                           	psect	text5,local,class=CODE,space=0,merge=1,delta=2
    15                           	psect	text6,local,class=CODE,space=0,merge=1,delta=2
    16                           	psect	idloc,global,abs,ovrld,class=IDLOC,space=5,delta=2,noexec
    17                           	psect	config,global,abs,ovrld,class=CONFIG,space=4,delta=2,noexec
    18                           	dabs	1,0x7E,2
    19     0000                     
    20                           ; Version 2.30
    21                           ; Generated 15/09/2020 GMT
    22                           ; 
    23                           ; Copyright © 2020, Microchip Technology Inc. and its subsidiaries ("Microchip")
    24                           ; All rights reserved.
    25                           ; 
    26                           ; This software is developed by Microchip Technology Inc. and its subsidiaries ("Microch
      +                          ip").
    27                           ; 
    28                           ; Redistribution and use in source and binary forms, with or without modification, are
    29                           ; permitted provided that the following conditions are met:
    30                           ; 
    31                           ;     1. Redistributions of source code must retain the above copyright notice, this lis
      +                          t of
    32                           ;        conditions and the following disclaimer.
    33                           ; 
    34                           ;     2. Redistributions in binary form must reproduce the above copyright notice, this 
      +                          list
    35                           ;        of conditions and the following disclaimer in the documentation and/or other
    36                           ;        materials provided with the distribution. Publication is not required when
    37                           ;        this file is used in an embedded application.
    38                           ; 
    39                           ;     3. Microchip's name may not be used to endorse or promote products derived from th
      +                          is
    40                           ;        software without specific prior written permission.
    41                           ; 
    42                           ; THIS SOFTWARE IS PROVIDED BY MICROCHIP "AS IS" AND ANY EXPRESS OR IMPLIED WARRANTIES,
    43                           ; INCLUDING, BUT NOT LIMITED TO, THE IMPLIED WARRANTIES OF MERCHANTABILITY AND FITNESS F
      +                          OR
    44                           ; PURPOSE ARE DISCLAIMED.  IN NO EVENT SHALL MICROCHIP BE LIABLE FOR ANY DIRECT, INDIREC
      +                          T,
    45                           ; INCIDENTAL, SPECIAL, EXEMPLARY, OR CONSEQUENTIAL DAMAGES (INCLUDING BUT NOT LIMITED TO
    46                           ; PROCUREMENT OF SUBSTITUTE GOODS OR SERVICES; LOSS OF USE, DATA OR PROFITS; OR BUSINESS
    47                           ; INTERRUPTION) HOWSOEVER CAUSED AND ON ANY THEORY OF LIABILITY, WHETHER IN CONTRACT, ST
      +                          RICT
    48                           ; LIABILITY, OR TORT (INCLUDING NEGLIGENCE OR OTHERWISE) ARISING IN ANY WAY OUT OF THE U
      +                          SE OF
    49                           ; THIS SOFTWARE, EVEN IF ADVISED OF THE POSSIBILITY OF SUCH DAMAGE.
    50                           ; 
    51                           ; 
    52                           ; Code-generator required, PIC16F15325 Definitions
    53                           ; 
    54                           ; SFR Addresses
    55     0008                     bsr             equ	8
    56     0005                     fsr0h           equ	5
    57     0004                     fsr0l           equ	4
    58     0007                     fsr1h           equ	7
    59     0006                     fsr1l           equ	6
    60     0000                     indf            equ	0
    61     0000                     indf0           equ	0
    62     0001                     indf1           equ	1
    63     000B                     intcon          equ	11
    64     0002                     pc              equ	2
    65     0002                     pcl             equ	2
    66     000A                     pclath          equ	10
    67     0003                     status          equ	3
    68     0009                     wreg            equ	9
    69     0000                     INDF0           equ	0	;# 
    70     0001                     INDF1           equ	1	;# 
    71     0002                     PCL             equ	2	;# 
    72     0003                     STATUS          equ	3	;# 
    73     0004                     FSR0L           equ	4	;# 
    74     0005                     FSR0H           equ	5	;# 
    75     0006                     FSR1L           equ	6	;# 
    76     0007                     FSR1H           equ	7	;# 
    77     0008                     BSR             equ	8	;# 
    78     0009                     WREG            equ	9	;# 
    79     000A                     PCLATH          equ	10	;# 
    80     000B                     INTCON          equ	11	;# 
    81     000C                     PORTA           equ	12	;# 
    82     000E                     PORTC           equ	14	;# 
    83     0012                     TRISA           equ	18	;# 
    84     0014                     TRISC           equ	20	;# 
    85     0018                     LATA            equ	24	;# 
    86     001A                     LATC            equ	26	;# 
    87     009B                     ADRES           equ	155	;# 
    88     009B                     ADRESL          equ	155	;# 
    89     009C                     ADRESH          equ	156	;# 
    90     009D                     ADCON0          equ	157	;# 
    91     009E                     ADCON1          equ	158	;# 
    92     009F                     ADACT           equ	159	;# 
    93     0119                     RC1REG          equ	281	;# 
    94     0119                     RCREG           equ	281	;# 
    95     0119                     RCREG1          equ	281	;# 
    96     011A                     TX1REG          equ	282	;# 
    97     011A                     TXREG1          equ	282	;# 
    98     011A                     TXREG           equ	282	;# 
    99     011B                     SP1BRG          equ	283	;# 
   100     011B                     SP1BRGL         equ	283	;# 
   101     011B                     SPBRG           equ	283	;# 
   102     011B                     SPBRG1          equ	283	;# 
   103     011B                     SPBRGL          equ	283	;# 
   104     011C                     SP1BRGH         equ	284	;# 
   105     011C                     SPBRGH          equ	284	;# 
   106     011C                     SPBRGH1         equ	284	;# 
   107     011D                     RC1STA          equ	285	;# 
   108     011D                     RCSTA1          equ	285	;# 
   109     011D                     RCSTA           equ	285	;# 
   110     011E                     TX1STA          equ	286	;# 
   111     011E                     TXSTA1          equ	286	;# 
   112     011E                     TXSTA           equ	286	;# 
   113     011F                     BAUD1CON        equ	287	;# 
   114     011F                     BAUDCON1        equ	287	;# 
   115     011F                     BAUDCTL1        equ	287	;# 
   116     011F                     BAUDCON         equ	287	;# 
   117     011F                     BAUDCTL         equ	287	;# 
   118     018C                     SSP1BUF         equ	396	;# 
   119     018D                     SSP1ADD         equ	397	;# 
   120     018E                     SSP1MSK         equ	398	;# 
   121     018F                     SSP1STAT        equ	399	;# 
   122     0190                     SSP1CON1        equ	400	;# 
   123     0191                     SSP1CON2        equ	401	;# 
   124     0192                     SSP1CON3        equ	402	;# 
   125     020C                     TMR1            equ	524	;# 
   126     020C                     TMR1L           equ	524	;# 
   127     020D                     TMR1H           equ	525	;# 
   128     020E                     T1CON           equ	526	;# 
   129     020F                     T1GCON          equ	527	;# 
   130     020F                     PR1             equ	527	;# 
   131     0210                     T1GATE          equ	528	;# 
   132     0210                     TMR1GATE        equ	528	;# 
   133     0211                     T1CLK           equ	529	;# 
   134     0211                     TMR1CLK         equ	529	;# 
   135     028C                     T2TMR           equ	652	;# 
   136     028C                     TMR2            equ	652	;# 
   137     028D                     T2PR            equ	653	;# 
   138     028D                     PR2             equ	653	;# 
   139     028E                     T2CON           equ	654	;# 
   140     028F                     T2HLT           equ	655	;# 
   141     0290                     T2CLKCON        equ	656	;# 
   142     0291                     T2RST           equ	657	;# 
   143     030C                     CCPR1           equ	780	;# 
   144     030C                     CCPR1L          equ	780	;# 
   145     030D                     CCPR1H          equ	781	;# 
   146     030E                     CCP1CON         equ	782	;# 
   147     030F                     CCP1CAP         equ	783	;# 
   148     0310                     CCPR2           equ	784	;# 
   149     0310                     CCPR2L          equ	784	;# 
   150     0311                     CCPR2H          equ	785	;# 
   151     0312                     CCP2CON         equ	786	;# 
   152     0313                     CCP2CAP         equ	787	;# 
   153     0314                     PWM3DC          equ	788	;# 
   154     0314                     PWM3DCL         equ	788	;# 
   155     0315                     PWM3DCH         equ	789	;# 
   156     0316                     PWM3CON         equ	790	;# 
   157     0318                     PWM4DC          equ	792	;# 
   158     0318                     PWM4DCL         equ	792	;# 
   159     0319                     PWM4DCH         equ	793	;# 
   160     031A                     PWM4CON         equ	794	;# 
   161     031C                     PWM5DC          equ	796	;# 
   162     031C                     PWM5DCL         equ	796	;# 
   163     031D                     PWM5DCH         equ	797	;# 
   164     031E                     PWM5CON         equ	798	;# 
   165     038C                     PWM6DC          equ	908	;# 
   166     038C                     PWM6DCL         equ	908	;# 
   167     038D                     PWM6DCH         equ	909	;# 
   168     038E                     PWM6CON         equ	910	;# 
   169     058C                     NCO1ACC         equ	1420	;# 
   170     058C                     NCO1ACCL        equ	1420	;# 
   171     058D                     NCO1ACCH        equ	1421	;# 
   172     058E                     NCO1ACCU        equ	1422	;# 
   173     058F                     NCO1INC         equ	1423	;# 
   174     058F                     NCO1INCL        equ	1423	;# 
   175     0590                     NCO1INCH        equ	1424	;# 
   176     0591                     NCO1INCU        equ	1425	;# 
   177     0592                     NCO1CON         equ	1426	;# 
   178     0593                     NCO1CLK         equ	1427	;# 
   179     059C                     TMR0L           equ	1436	;# 
   180     059C                     TMR0            equ	1436	;# 
   181     059D                     TMR0H           equ	1437	;# 
   182     059D                     PR0             equ	1437	;# 
   183     059E                     T0CON0          equ	1438	;# 
   184     059F                     T0CON1          equ	1439	;# 
   185     060C                     CWG1CLKCON      equ	1548	;# 
   186     060D                     CWG1DAT         equ	1549	;# 
   187     060E                     CWG1DBR         equ	1550	;# 
   188     060F                     CWG1DBF         equ	1551	;# 
   189     0610                     CWG1CON0        equ	1552	;# 
   190     0611                     CWG1CON1        equ	1553	;# 
   191     0612                     CWG1AS0         equ	1554	;# 
   192     0613                     CWG1AS1         equ	1555	;# 
   193     0614                     CWG1STR         equ	1556	;# 
   194     070C                     PIR0            equ	1804	;# 
   195     070D                     PIR1            equ	1805	;# 
   196     070E                     PIR2            equ	1806	;# 
   197     070F                     PIR3            equ	1807	;# 
   198     0710                     PIR4            equ	1808	;# 
   199     0711                     PIR5            equ	1809	;# 
   200     0712                     PIR6            equ	1810	;# 
   201     0713                     PIR7            equ	1811	;# 
   202     0716                     PIE0            equ	1814	;# 
   203     0717                     PIE1            equ	1815	;# 
   204     0718                     PIE2            equ	1816	;# 
   205     0719                     PIE3            equ	1817	;# 
   206     071A                     PIE4            equ	1818	;# 
   207     071B                     PIE5            equ	1819	;# 
   208     071C                     PIE6            equ	1820	;# 
   209     071D                     PIE7            equ	1821	;# 
   210     0796                     PMD0            equ	1942	;# 
   211     0797                     PMD1            equ	1943	;# 
   212     0798                     PMD2            equ	1944	;# 
   213     0799                     PMD3            equ	1945	;# 
   214     079A                     PMD4            equ	1946	;# 
   215     079B                     PMD5            equ	1947	;# 
   216     080C                     WDTCON0         equ	2060	;# 
   217     080D                     WDTCON1         equ	2061	;# 
   218     080E                     WDTPSL          equ	2062	;# 
   219     080F                     WDTPSH          equ	2063	;# 
   220     0810                     WDTTMR          equ	2064	;# 
   221     0811                     BORCON          equ	2065	;# 
   222     0812                     VREGCON         equ	2066	;# 
   223     0813                     PCON0           equ	2067	;# 
   224     0814                     PCON1           equ	2068	;# 
   225     081A                     NVMADR          equ	2074	;# 
   226     081A                     NVMADRL         equ	2074	;# 
   227     081B                     NVMADRH         equ	2075	;# 
   228     081C                     NVMDAT          equ	2076	;# 
   229     081C                     NVMDATL         equ	2076	;# 
   230     081D                     NVMDATH         equ	2077	;# 
   231     081E                     NVMCON1         equ	2078	;# 
   232     081F                     NVMCON2         equ	2079	;# 
   233     088C                     CPUDOZE         equ	2188	;# 
   234     088D                     OSCCON1         equ	2189	;# 
   235     088E                     OSCCON2         equ	2190	;# 
   236     088F                     OSCCON3         equ	2191	;# 
   237     0890                     OSCSTAT         equ	2192	;# 
   238     0891                     OSCEN           equ	2193	;# 
   239     0892                     OSCTUNE         equ	2194	;# 
   240     0893                     OSCFRQ          equ	2195	;# 
   241     0895                     CLKRCON         equ	2197	;# 
   242     0896                     CLKRCLK         equ	2198	;# 
   243     090C                     FVRCON          equ	2316	;# 
   244     090E                     DAC1CON0        equ	2318	;# 
   245     090F                     DAC1CON1        equ	2319	;# 
   246     091F                     ZCDCON          equ	2335	;# 
   247     098F                     CMOUT           equ	2447	;# 
   248     098F                     CMSTAT          equ	2447	;# 
   249     0990                     CM1CON0         equ	2448	;# 
   250     0991                     CM1CON1         equ	2449	;# 
   251     0992                     CM1NCH          equ	2450	;# 
   252     0993                     CM1PCH          equ	2451	;# 
   253     0994                     CM2CON0         equ	2452	;# 
   254     0995                     CM2CON1         equ	2453	;# 
   255     0996                     CM2NCH          equ	2454	;# 
   256     0997                     CM2PCH          equ	2455	;# 
   257     0A19                     RC2REG          equ	2585	;# 
   258     0A19                     RCREG2          equ	2585	;# 
   259     0A1A                     TX2REG          equ	2586	;# 
   260     0A1A                     TXREG2          equ	2586	;# 
   261     0A1B                     SP2BRG          equ	2587	;# 
   262     0A1B                     SP2BRGL         equ	2587	;# 
   263     0A1B                     SPBRG2          equ	2587	;# 
   264     0A1C                     SP2BRGH         equ	2588	;# 
   265     0A1C                     SPBRGH2         equ	2588	;# 
   266     0A1D                     RC2STA          equ	2589	;# 
   267     0A1D                     RCSTA2          equ	2589	;# 
   268     0A1E                     TX2STA          equ	2590	;# 
   269     0A1E                     TXSTA2          equ	2590	;# 
   270     0A1F                     BAUD2CON        equ	2591	;# 
   271     0A1F                     BAUDCON2        equ	2591	;# 
   272     0A1F                     BAUDCTL2        equ	2591	;# 
   273     1E0F                     CLCDATA         equ	7695	;# 
   274     1E10                     CLC1CON         equ	7696	;# 
   275     1E11                     CLC1POL         equ	7697	;# 
   276     1E12                     CLC1SEL0        equ	7698	;# 
   277     1E13                     CLC1SEL1        equ	7699	;# 
   278     1E14                     CLC1SEL2        equ	7700	;# 
   279     1E15                     CLC1SEL3        equ	7701	;# 
   280     1E16                     CLC1GLS0        equ	7702	;# 
   281     1E17                     CLC1GLS1        equ	7703	;# 
   282     1E18                     CLC1GLS2        equ	7704	;# 
   283     1E19                     CLC1GLS3        equ	7705	;# 
   284     1E1A                     CLC2CON         equ	7706	;# 
   285     1E1B                     CLC2POL         equ	7707	;# 
   286     1E1C                     CLC2SEL0        equ	7708	;# 
   287     1E1D                     CLC2SEL1        equ	7709	;# 
   288     1E1E                     CLC2SEL2        equ	7710	;# 
   289     1E1F                     CLC2SEL3        equ	7711	;# 
   290     1E20                     CLC2GLS0        equ	7712	;# 
   291     1E21                     CLC2GLS1        equ	7713	;# 
   292     1E22                     CLC2GLS2        equ	7714	;# 
   293     1E23                     CLC2GLS3        equ	7715	;# 
   294     1E24                     CLC3CON         equ	7716	;# 
   295     1E25                     CLC3POL         equ	7717	;# 
   296     1E26                     CLC3SEL0        equ	7718	;# 
   297     1E27                     CLC3SEL1        equ	7719	;# 
   298     1E28                     CLC3SEL2        equ	7720	;# 
   299     1E29                     CLC3SEL3        equ	7721	;# 
   300     1E2A                     CLC3GLS0        equ	7722	;# 
   301     1E2B                     CLC3GLS1        equ	7723	;# 
   302     1E2C                     CLC3GLS2        equ	7724	;# 
   303     1E2D                     CLC3GLS3        equ	7725	;# 
   304     1E2E                     CLC4CON         equ	7726	;# 
   305     1E2F                     CLC4POL         equ	7727	;# 
   306     1E30                     CLC4SEL0        equ	7728	;# 
   307     1E31                     CLC4SEL1        equ	7729	;# 
   308     1E32                     CLC4SEL2        equ	7730	;# 
   309     1E33                     CLC4SEL3        equ	7731	;# 
   310     1E34                     CLC4GLS0        equ	7732	;# 
   311     1E35                     CLC4GLS1        equ	7733	;# 
   312     1E36                     CLC4GLS2        equ	7734	;# 
   313     1E37                     CLC4GLS3        equ	7735	;# 
   314     1E8F                     PPSLOCK         equ	7823	;# 
   315     1E90                     INTPPS          equ	7824	;# 
   316     1E91                     T0CKIPPS        equ	7825	;# 
   317     1E92                     T1CKIPPS        equ	7826	;# 
   318     1E93                     T1GPPS          equ	7827	;# 
   319     1E9C                     T2INPPS         equ	7836	;# 
   320     1EA1                     CCP1PPS         equ	7841	;# 
   321     1EA2                     CCP2PPS         equ	7842	;# 
   322     1EB1                     CWG1PPS         equ	7857	;# 
   323     1EBB                     CLCIN0PPS       equ	7867	;# 
   324     1EBC                     CLCIN1PPS       equ	7868	;# 
   325     1EBD                     CLCIN2PPS       equ	7869	;# 
   326     1EBE                     CLCIN3PPS       equ	7870	;# 
   327     1EC3                     ADACTPPS        equ	7875	;# 
   328     1EC5                     SSP1CLKPPS      equ	7877	;# 
   329     1EC6                     SSP1DATPPS      equ	7878	;# 
   330     1EC7                     SSP1SSPPS       equ	7879	;# 
   331     1ECB                     RX1DTPPS        equ	7883	;# 
   332     1ECC                     TX1CKPPS        equ	7884	;# 
   333     1ECD                     RX2DTPPS        equ	7885	;# 
   334     1ECE                     TX2CKPPS        equ	7886	;# 
   335     1F10                     RA0PPS          equ	7952	;# 
   336     1F11                     RA1PPS          equ	7953	;# 
   337     1F12                     RA2PPS          equ	7954	;# 
   338     1F13                     RA3PPS          equ	7955	;# 
   339     1F14                     RA4PPS          equ	7956	;# 
   340     1F15                     RA5PPS          equ	7957	;# 
   341     1F20                     RC0PPS          equ	7968	;# 
   342     1F21                     RC1PPS          equ	7969	;# 
   343     1F22                     RC2PPS          equ	7970	;# 
   344     1F23                     RC3PPS          equ	7971	;# 
   345     1F24                     RC4PPS          equ	7972	;# 
   346     1F25                     RC5PPS          equ	7973	;# 
   347     1F38                     ANSELA          equ	7992	;# 
   348     1F39                     WPUA            equ	7993	;# 
   349     1F3A                     ODCONA          equ	7994	;# 
   350     1F3B                     SLRCONA         equ	7995	;# 
   351     1F3C                     INLVLA          equ	7996	;# 
   352     1F3D                     IOCAP           equ	7997	;# 
   353     1F3E                     IOCAN           equ	7998	;# 
   354     1F3F                     IOCAF           equ	7999	;# 
   355     1F4E                     ANSELC          equ	8014	;# 
   356     1F4F                     WPUC            equ	8015	;# 
   357     1F50                     ODCONC          equ	8016	;# 
   358     1F51                     SLRCONC         equ	8017	;# 
   359     1F52                     INLVLC          equ	8018	;# 
   360     1F53                     IOCCP           equ	8019	;# 
   361     1F54                     IOCCN           equ	8020	;# 
   362     1F55                     IOCCF           equ	8021	;# 
   363     1FE4                     STATUS_SHAD     equ	8164	;# 
   364     1FE5                     WREG_SHAD       equ	8165	;# 
   365     1FE6                     BSR_SHAD        equ	8166	;# 
   366     1FE7                     PCLATH_SHAD     equ	8167	;# 
   367     1FE8                     FSR0_SHAD       equ	8168	;# 
   368     1FE8                     FSR0L_SHAD      equ	8168	;# 
   369     1FE9                     FSR0H_SHAD      equ	8169	;# 
   370     1FEA                     FSR1_SHAD       equ	8170	;# 
   371     1FEA                     FSR1L_SHAD      equ	8170	;# 
   372     1FEB                     FSR1H_SHAD      equ	8171	;# 
   373     1FED                     STKPTR          equ	8173	;# 
   374     1FEE                     TOSL            equ	8174	;# 
   375     1FEF                     TOSH            equ	8175	;# 
   376     0000                     INDF0           equ	0	;# 
   377     0001                     INDF1           equ	1	;# 
   378     0002                     PCL             equ	2	;# 
   379     0003                     STATUS          equ	3	;# 
   380     0004                     FSR0L           equ	4	;# 
   381     0005                     FSR0H           equ	5	;# 
   382     0006                     FSR1L           equ	6	;# 
   383     0007                     FSR1H           equ	7	;# 
   384     0008                     BSR             equ	8	;# 
   385     0009                     WREG            equ	9	;# 
   386     000A                     PCLATH          equ	10	;# 
   387     000B                     INTCON          equ	11	;# 
   388     000C                     PORTA           equ	12	;# 
   389     000E                     PORTC           equ	14	;# 
   390     0012                     TRISA           equ	18	;# 
   391     0014                     TRISC           equ	20	;# 
   392     0018                     LATA            equ	24	;# 
   393     001A                     LATC            equ	26	;# 
   394     009B                     ADRES           equ	155	;# 
   395     009B                     ADRESL          equ	155	;# 
   396     009C                     ADRESH          equ	156	;# 
   397     009D                     ADCON0          equ	157	;# 
   398     009E                     ADCON1          equ	158	;# 
   399     009F                     ADACT           equ	159	;# 
   400     0119                     RC1REG          equ	281	;# 
   401     0119                     RCREG           equ	281	;# 
   402     0119                     RCREG1          equ	281	;# 
   403     011A                     TX1REG          equ	282	;# 
   404     011A                     TXREG1          equ	282	;# 
   405     011A                     TXREG           equ	282	;# 
   406     011B                     SP1BRG          equ	283	;# 
   407     011B                     SP1BRGL         equ	283	;# 
   408     011B                     SPBRG           equ	283	;# 
   409     011B                     SPBRG1          equ	283	;# 
   410     011B                     SPBRGL          equ	283	;# 
   411     011C                     SP1BRGH         equ	284	;# 
   412     011C                     SPBRGH          equ	284	;# 
   413     011C                     SPBRGH1         equ	284	;# 
   414     011D                     RC1STA          equ	285	;# 
   415     011D                     RCSTA1          equ	285	;# 
   416     011D                     RCSTA           equ	285	;# 
   417     011E                     TX1STA          equ	286	;# 
   418     011E                     TXSTA1          equ	286	;# 
   419     011E                     TXSTA           equ	286	;# 
   420     011F                     BAUD1CON        equ	287	;# 
   421     011F                     BAUDCON1        equ	287	;# 
   422     011F                     BAUDCTL1        equ	287	;# 
   423     011F                     BAUDCON         equ	287	;# 
   424     011F                     BAUDCTL         equ	287	;# 
   425     018C                     SSP1BUF         equ	396	;# 
   426     018D                     SSP1ADD         equ	397	;# 
   427     018E                     SSP1MSK         equ	398	;# 
   428     018F                     SSP1STAT        equ	399	;# 
   429     0190                     SSP1CON1        equ	400	;# 
   430     0191                     SSP1CON2        equ	401	;# 
   431     0192                     SSP1CON3        equ	402	;# 
   432     020C                     TMR1            equ	524	;# 
   433     020C                     TMR1L           equ	524	;# 
   434     020D                     TMR1H           equ	525	;# 
   435     020E                     T1CON           equ	526	;# 
   436     020F                     T1GCON          equ	527	;# 
   437     020F                     PR1             equ	527	;# 
   438     0210                     T1GATE          equ	528	;# 
   439     0210                     TMR1GATE        equ	528	;# 
   440     0211                     T1CLK           equ	529	;# 
   441     0211                     TMR1CLK         equ	529	;# 
   442     028C                     T2TMR           equ	652	;# 
   443     028C                     TMR2            equ	652	;# 
   444     028D                     T2PR            equ	653	;# 
   445     028D                     PR2             equ	653	;# 
   446     028E                     T2CON           equ	654	;# 
   447     028F                     T2HLT           equ	655	;# 
   448     0290                     T2CLKCON        equ	656	;# 
   449     0291                     T2RST           equ	657	;# 
   450     030C                     CCPR1           equ	780	;# 
   451     030C                     CCPR1L          equ	780	;# 
   452     030D                     CCPR1H          equ	781	;# 
   453     030E                     CCP1CON         equ	782	;# 
   454     030F                     CCP1CAP         equ	783	;# 
   455     0310                     CCPR2           equ	784	;# 
   456     0310                     CCPR2L          equ	784	;# 
   457     0311                     CCPR2H          equ	785	;# 
   458     0312                     CCP2CON         equ	786	;# 
   459     0313                     CCP2CAP         equ	787	;# 
   460     0314                     PWM3DC          equ	788	;# 
   461     0314                     PWM3DCL         equ	788	;# 
   462     0315                     PWM3DCH         equ	789	;# 
   463     0316                     PWM3CON         equ	790	;# 
   464     0318                     PWM4DC          equ	792	;# 
   465     0318                     PWM4DCL         equ	792	;# 
   466     0319                     PWM4DCH         equ	793	;# 
   467     031A                     PWM4CON         equ	794	;# 
   468     031C                     PWM5DC          equ	796	;# 
   469     031C                     PWM5DCL         equ	796	;# 
   470     031D                     PWM5DCH         equ	797	;# 
   471     031E                     PWM5CON         equ	798	;# 
   472     038C                     PWM6DC          equ	908	;# 
   473     038C                     PWM6DCL         equ	908	;# 
   474     038D                     PWM6DCH         equ	909	;# 
   475     038E                     PWM6CON         equ	910	;# 
   476     058C                     NCO1ACC         equ	1420	;# 
   477     058C                     NCO1ACCL        equ	1420	;# 
   478     058D                     NCO1ACCH        equ	1421	;# 
   479     058E                     NCO1ACCU        equ	1422	;# 
   480     058F                     NCO1INC         equ	1423	;# 
   481     058F                     NCO1INCL        equ	1423	;# 
   482     0590                     NCO1INCH        equ	1424	;# 
   483     0591                     NCO1INCU        equ	1425	;# 
   484     0592                     NCO1CON         equ	1426	;# 
   485     0593                     NCO1CLK         equ	1427	;# 
   486     059C                     TMR0L           equ	1436	;# 
   487     059C                     TMR0            equ	1436	;# 
   488     059D                     TMR0H           equ	1437	;# 
   489     059D                     PR0             equ	1437	;# 
   490     059E                     T0CON0          equ	1438	;# 
   491     059F                     T0CON1          equ	1439	;# 
   492     060C                     CWG1CLKCON      equ	1548	;# 
   493     060D                     CWG1DAT         equ	1549	;# 
   494     060E                     CWG1DBR         equ	1550	;# 
   495     060F                     CWG1DBF         equ	1551	;# 
   496     0610                     CWG1CON0        equ	1552	;# 
   497     0611                     CWG1CON1        equ	1553	;# 
   498     0612                     CWG1AS0         equ	1554	;# 
   499     0613                     CWG1AS1         equ	1555	;# 
   500     0614                     CWG1STR         equ	1556	;# 
   501     070C                     PIR0            equ	1804	;# 
   502     070D                     PIR1            equ	1805	;# 
   503     070E                     PIR2            equ	1806	;# 
   504     070F                     PIR3            equ	1807	;# 
   505     0710                     PIR4            equ	1808	;# 
   506     0711                     PIR5            equ	1809	;# 
   507     0712                     PIR6            equ	1810	;# 
   508     0713                     PIR7            equ	1811	;# 
   509     0716                     PIE0            equ	1814	;# 
   510     0717                     PIE1            equ	1815	;# 
   511     0718                     PIE2            equ	1816	;# 
   512     0719                     PIE3            equ	1817	;# 
   513     071A                     PIE4            equ	1818	;# 
   514     071B                     PIE5            equ	1819	;# 
   515     071C                     PIE6            equ	1820	;# 
   516     071D                     PIE7            equ	1821	;# 
   517     0796                     PMD0            equ	1942	;# 
   518     0797                     PMD1            equ	1943	;# 
   519     0798                     PMD2            equ	1944	;# 
   520     0799                     PMD3            equ	1945	;# 
   521     079A                     PMD4            equ	1946	;# 
   522     079B                     PMD5            equ	1947	;# 
   523     080C                     WDTCON0         equ	2060	;# 
   524     080D                     WDTCON1         equ	2061	;# 
   525     080E                     WDTPSL          equ	2062	;# 
   526     080F                     WDTPSH          equ	2063	;# 
   527     0810                     WDTTMR          equ	2064	;# 
   528     0811                     BORCON          equ	2065	;# 
   529     0812                     VREGCON         equ	2066	;# 
   530     0813                     PCON0           equ	2067	;# 
   531     0814                     PCON1           equ	2068	;# 
   532     081A                     NVMADR          equ	2074	;# 
   533     081A                     NVMADRL         equ	2074	;# 
   534     081B                     NVMADRH         equ	2075	;# 
   535     081C                     NVMDAT          equ	2076	;# 
   536     081C                     NVMDATL         equ	2076	;# 
   537     081D                     NVMDATH         equ	2077	;# 
   538     081E                     NVMCON1         equ	2078	;# 
   539     081F                     NVMCON2         equ	2079	;# 
   540     088C                     CPUDOZE         equ	2188	;# 
   541     088D                     OSCCON1         equ	2189	;# 
   542     088E                     OSCCON2         equ	2190	;# 
   543     088F                     OSCCON3         equ	2191	;# 
   544     0890                     OSCSTAT         equ	2192	;# 
   545     0891                     OSCEN           equ	2193	;# 
   546     0892                     OSCTUNE         equ	2194	;# 
   547     0893                     OSCFRQ          equ	2195	;# 
   548     0895                     CLKRCON         equ	2197	;# 
   549     0896                     CLKRCLK         equ	2198	;# 
   550     090C                     FVRCON          equ	2316	;# 
   551     090E                     DAC1CON0        equ	2318	;# 
   552     090F                     DAC1CON1        equ	2319	;# 
   553     091F                     ZCDCON          equ	2335	;# 
   554     098F                     CMOUT           equ	2447	;# 
   555     098F                     CMSTAT          equ	2447	;# 
   556     0990                     CM1CON0         equ	2448	;# 
   557     0991                     CM1CON1         equ	2449	;# 
   558     0992                     CM1NCH          equ	2450	;# 
   559     0993                     CM1PCH          equ	2451	;# 
   560     0994                     CM2CON0         equ	2452	;# 
   561     0995                     CM2CON1         equ	2453	;# 
   562     0996                     CM2NCH          equ	2454	;# 
   563     0997                     CM2PCH          equ	2455	;# 
   564     0A19                     RC2REG          equ	2585	;# 
   565     0A19                     RCREG2          equ	2585	;# 
   566     0A1A                     TX2REG          equ	2586	;# 
   567     0A1A                     TXREG2          equ	2586	;# 
   568     0A1B                     SP2BRG          equ	2587	;# 
   569     0A1B                     SP2BRGL         equ	2587	;# 
   570     0A1B                     SPBRG2          equ	2587	;# 
   571     0A1C                     SP2BRGH         equ	2588	;# 
   572     0A1C                     SPBRGH2         equ	2588	;# 
   573     0A1D                     RC2STA          equ	2589	;# 
   574     0A1D                     RCSTA2          equ	2589	;# 
   575     0A1E                     TX2STA          equ	2590	;# 
   576     0A1E                     TXSTA2          equ	2590	;# 
   577     0A1F                     BAUD2CON        equ	2591	;# 
   578     0A1F                     BAUDCON2        equ	2591	;# 
   579     0A1F                     BAUDCTL2        equ	2591	;# 
   580     1E0F                     CLCDATA         equ	7695	;# 
   581     1E10                     CLC1CON         equ	7696	;# 
   582     1E11                     CLC1POL         equ	7697	;# 
   583     1E12                     CLC1SEL0        equ	7698	;# 
   584     1E13                     CLC1SEL1        equ	7699	;# 
   585     1E14                     CLC1SEL2        equ	7700	;# 
   586     1E15                     CLC1SEL3        equ	7701	;# 
   587     1E16                     CLC1GLS0        equ	7702	;# 
   588     1E17                     CLC1GLS1        equ	7703	;# 
   589     1E18                     CLC1GLS2        equ	7704	;# 
   590     1E19                     CLC1GLS3        equ	7705	;# 
   591     1E1A                     CLC2CON         equ	7706	;# 
   592     1E1B                     CLC2POL         equ	7707	;# 
   593     1E1C                     CLC2SEL0        equ	7708	;# 
   594     1E1D                     CLC2SEL1        equ	7709	;# 
   595     1E1E                     CLC2SEL2        equ	7710	;# 
   596     1E1F                     CLC2SEL3        equ	7711	;# 
   597     1E20                     CLC2GLS0        equ	7712	;# 
   598     1E21                     CLC2GLS1        equ	7713	;# 
   599     1E22                     CLC2GLS2        equ	7714	;# 
   600     1E23                     CLC2GLS3        equ	7715	;# 
   601     1E24                     CLC3CON         equ	7716	;# 
   602     1E25                     CLC3POL         equ	7717	;# 
   603     1E26                     CLC3SEL0        equ	7718	;# 
   604     1E27                     CLC3SEL1        equ	7719	;# 
   605     1E28                     CLC3SEL2        equ	7720	;# 
   606     1E29                     CLC3SEL3        equ	7721	;# 
   607     1E2A                     CLC3GLS0        equ	7722	;# 
   608     1E2B                     CLC3GLS1        equ	7723	;# 
   609     1E2C                     CLC3GLS2        equ	7724	;# 
   610     1E2D                     CLC3GLS3        equ	7725	;# 
   611     1E2E                     CLC4CON         equ	7726	;# 
   612     1E2F                     CLC4POL         equ	7727	;# 
   613     1E30                     CLC4SEL0        equ	7728	;# 
   614     1E31                     CLC4SEL1        equ	7729	;# 
   615     1E32                     CLC4SEL2        equ	7730	;# 
   616     1E33                     CLC4SEL3        equ	7731	;# 
   617     1E34                     CLC4GLS0        equ	7732	;# 
   618     1E35                     CLC4GLS1        equ	7733	;# 
   619     1E36                     CLC4GLS2        equ	7734	;# 
   620     1E37                     CLC4GLS3        equ	7735	;# 
   621     1E8F                     PPSLOCK         equ	7823	;# 
   622     1E90                     INTPPS          equ	7824	;# 
   623     1E91                     T0CKIPPS        equ	7825	;# 
   624     1E92                     T1CKIPPS        equ	7826	;# 
   625     1E93                     T1GPPS          equ	7827	;# 
   626     1E9C                     T2INPPS         equ	7836	;# 
   627     1EA1                     CCP1PPS         equ	7841	;# 
   628     1EA2                     CCP2PPS         equ	7842	;# 
   629     1EB1                     CWG1PPS         equ	7857	;# 
   630     1EBB                     CLCIN0PPS       equ	7867	;# 
   631     1EBC                     CLCIN1PPS       equ	7868	;# 
   632     1EBD                     CLCIN2PPS       equ	7869	;# 
   633     1EBE                     CLCIN3PPS       equ	7870	;# 
   634     1EC3                     ADACTPPS        equ	7875	;# 
   635     1EC5                     SSP1CLKPPS      equ	7877	;# 
   636     1EC6                     SSP1DATPPS      equ	7878	;# 
   637     1EC7                     SSP1SSPPS       equ	7879	;# 
   638     1ECB                     RX1DTPPS        equ	7883	;# 
   639     1ECC                     TX1CKPPS        equ	7884	;# 
   640     1ECD                     RX2DTPPS        equ	7885	;# 
   641     1ECE                     TX2CKPPS        equ	7886	;# 
   642     1F10                     RA0PPS          equ	7952	;# 
   643     1F11                     RA1PPS          equ	7953	;# 
   644     1F12                     RA2PPS          equ	7954	;# 
   645     1F13                     RA3PPS          equ	7955	;# 
   646     1F14                     RA4PPS          equ	7956	;# 
   647     1F15                     RA5PPS          equ	7957	;# 
   648     1F20                     RC0PPS          equ	7968	;# 
   649     1F21                     RC1PPS          equ	7969	;# 
   650     1F22                     RC2PPS          equ	7970	;# 
   651     1F23                     RC3PPS          equ	7971	;# 
   652     1F24                     RC4PPS          equ	7972	;# 
   653     1F25                     RC5PPS          equ	7973	;# 
   654     1F38                     ANSELA          equ	7992	;# 
   655     1F39                     WPUA            equ	7993	;# 
   656     1F3A                     ODCONA          equ	7994	;# 
   657     1F3B                     SLRCONA         equ	7995	;# 
   658     1F3C                     INLVLA          equ	7996	;# 
   659     1F3D                     IOCAP           equ	7997	;# 
   660     1F3E                     IOCAN           equ	7998	;# 
   661     1F3F                     IOCAF           equ	7999	;# 
   662     1F4E                     ANSELC          equ	8014	;# 
   663     1F4F                     WPUC            equ	8015	;# 
   664     1F50                     ODCONC          equ	8016	;# 
   665     1F51                     SLRCONC         equ	8017	;# 
   666     1F52                     INLVLC          equ	8018	;# 
   667     1F53                     IOCCP           equ	8019	;# 
   668     1F54                     IOCCN           equ	8020	;# 
   669     1F55                     IOCCF           equ	8021	;# 
   670     1FE4                     STATUS_SHAD     equ	8164	;# 
   671     1FE5                     WREG_SHAD       equ	8165	;# 
   672     1FE6                     BSR_SHAD        equ	8166	;# 
   673     1FE7                     PCLATH_SHAD     equ	8167	;# 
   674     1FE8                     FSR0_SHAD       equ	8168	;# 
   675     1FE8                     FSR0L_SHAD      equ	8168	;# 
   676     1FE9                     FSR0H_SHAD      equ	8169	;# 
   677     1FEA                     FSR1_SHAD       equ	8170	;# 
   678     1FEA                     FSR1L_SHAD      equ	8170	;# 
   679     1FEB                     FSR1H_SHAD      equ	8171	;# 
   680     1FED                     STKPTR          equ	8173	;# 
   681     1FEE                     TOSL            equ	8174	;# 
   682     1FEF                     TOSH            equ	8175	;# 
   683     0000                     INDF0           equ	0	;# 
   684     0001                     INDF1           equ	1	;# 
   685     0002                     PCL             equ	2	;# 
   686     0003                     STATUS          equ	3	;# 
   687     0004                     FSR0L           equ	4	;# 
   688     0005                     FSR0H           equ	5	;# 
   689     0006                     FSR1L           equ	6	;# 
   690     0007                     FSR1H           equ	7	;# 
   691     0008                     BSR             equ	8	;# 
   692     0009                     WREG            equ	9	;# 
   693     000A                     PCLATH          equ	10	;# 
   694     000B                     INTCON          equ	11	;# 
   695     000C                     PORTA           equ	12	;# 
   696     000E                     PORTC           equ	14	;# 
   697     0012                     TRISA           equ	18	;# 
   698     0014                     TRISC           equ	20	;# 
   699     0018                     LATA            equ	24	;# 
   700     001A                     LATC            equ	26	;# 
   701     009B                     ADRES           equ	155	;# 
   702     009B                     ADRESL          equ	155	;# 
   703     009C                     ADRESH          equ	156	;# 
   704     009D                     ADCON0          equ	157	;# 
   705     009E                     ADCON1          equ	158	;# 
   706     009F                     ADACT           equ	159	;# 
   707     0119                     RC1REG          equ	281	;# 
   708     0119                     RCREG           equ	281	;# 
   709     0119                     RCREG1          equ	281	;# 
   710     011A                     TX1REG          equ	282	;# 
   711     011A                     TXREG1          equ	282	;# 
   712     011A                     TXREG           equ	282	;# 
   713     011B                     SP1BRG          equ	283	;# 
   714     011B                     SP1BRGL         equ	283	;# 
   715     011B                     SPBRG           equ	283	;# 
   716     011B                     SPBRG1          equ	283	;# 
   717     011B                     SPBRGL          equ	283	;# 
   718     011C                     SP1BRGH         equ	284	;# 
   719     011C                     SPBRGH          equ	284	;# 
   720     011C                     SPBRGH1         equ	284	;# 
   721     011D                     RC1STA          equ	285	;# 
   722     011D                     RCSTA1          equ	285	;# 
   723     011D                     RCSTA           equ	285	;# 
   724     011E                     TX1STA          equ	286	;# 
   725     011E                     TXSTA1          equ	286	;# 
   726     011E                     TXSTA           equ	286	;# 
   727     011F                     BAUD1CON        equ	287	;# 
   728     011F                     BAUDCON1        equ	287	;# 
   729     011F                     BAUDCTL1        equ	287	;# 
   730     011F                     BAUDCON         equ	287	;# 
   731     011F                     BAUDCTL         equ	287	;# 
   732     018C                     SSP1BUF         equ	396	;# 
   733     018D                     SSP1ADD         equ	397	;# 
   734     018E                     SSP1MSK         equ	398	;# 
   735     018F                     SSP1STAT        equ	399	;# 
   736     0190                     SSP1CON1        equ	400	;# 
   737     0191                     SSP1CON2        equ	401	;# 
   738     0192                     SSP1CON3        equ	402	;# 
   739     020C                     TMR1            equ	524	;# 
   740     020C                     TMR1L           equ	524	;# 
   741     020D                     TMR1H           equ	525	;# 
   742     020E                     T1CON           equ	526	;# 
   743     020F                     T1GCON          equ	527	;# 
   744     020F                     PR1             equ	527	;# 
   745     0210                     T1GATE          equ	528	;# 
   746     0210                     TMR1GATE        equ	528	;# 
   747     0211                     T1CLK           equ	529	;# 
   748     0211                     TMR1CLK         equ	529	;# 
   749     028C                     T2TMR           equ	652	;# 
   750     028C                     TMR2            equ	652	;# 
   751     028D                     T2PR            equ	653	;# 
   752     028D                     PR2             equ	653	;# 
   753     028E                     T2CON           equ	654	;# 
   754     028F                     T2HLT           equ	655	;# 
   755     0290                     T2CLKCON        equ	656	;# 
   756     0291                     T2RST           equ	657	;# 
   757     030C                     CCPR1           equ	780	;# 
   758     030C                     CCPR1L          equ	780	;# 
   759     030D                     CCPR1H          equ	781	;# 
   760     030E                     CCP1CON         equ	782	;# 
   761     030F                     CCP1CAP         equ	783	;# 
   762     0310                     CCPR2           equ	784	;# 
   763     0310                     CCPR2L          equ	784	;# 
   764     0311                     CCPR2H          equ	785	;# 
   765     0312                     CCP2CON         equ	786	;# 
   766     0313                     CCP2CAP         equ	787	;# 
   767     0314                     PWM3DC          equ	788	;# 
   768     0314                     PWM3DCL         equ	788	;# 
   769     0315                     PWM3DCH         equ	789	;# 
   770     0316                     PWM3CON         equ	790	;# 
   771     0318                     PWM4DC          equ	792	;# 
   772     0318                     PWM4DCL         equ	792	;# 
   773     0319                     PWM4DCH         equ	793	;# 
   774     031A                     PWM4CON         equ	794	;# 
   775     031C                     PWM5DC          equ	796	;# 
   776     031C                     PWM5DCL         equ	796	;# 
   777     031D                     PWM5DCH         equ	797	;# 
   778     031E                     PWM5CON         equ	798	;# 
   779     038C                     PWM6DC          equ	908	;# 
   780     038C                     PWM6DCL         equ	908	;# 
   781     038D                     PWM6DCH         equ	909	;# 
   782     038E                     PWM6CON         equ	910	;# 
   783     058C                     NCO1ACC         equ	1420	;# 
   784     058C                     NCO1ACCL        equ	1420	;# 
   785     058D                     NCO1ACCH        equ	1421	;# 
   786     058E                     NCO1ACCU        equ	1422	;# 
   787     058F                     NCO1INC         equ	1423	;# 
   788     058F                     NCO1INCL        equ	1423	;# 
   789     0590                     NCO1INCH        equ	1424	;# 
   790     0591                     NCO1INCU        equ	1425	;# 
   791     0592                     NCO1CON         equ	1426	;# 
   792     0593                     NCO1CLK         equ	1427	;# 
   793     059C                     TMR0L           equ	1436	;# 
   794     059C                     TMR0            equ	1436	;# 
   795     059D                     TMR0H           equ	1437	;# 
   796     059D                     PR0             equ	1437	;# 
   797     059E                     T0CON0          equ	1438	;# 
   798     059F                     T0CON1          equ	1439	;# 
   799     060C                     CWG1CLKCON      equ	1548	;# 
   800     060D                     CWG1DAT         equ	1549	;# 
   801     060E                     CWG1DBR         equ	1550	;# 
   802     060F                     CWG1DBF         equ	1551	;# 
   803     0610                     CWG1CON0        equ	1552	;# 
   804     0611                     CWG1CON1        equ	1553	;# 
   805     0612                     CWG1AS0         equ	1554	;# 
   806     0613                     CWG1AS1         equ	1555	;# 
   807     0614                     CWG1STR         equ	1556	;# 
   808     070C                     PIR0            equ	1804	;# 
   809     070D                     PIR1            equ	1805	;# 
   810     070E                     PIR2            equ	1806	;# 
   811     070F                     PIR3            equ	1807	;# 
   812     0710                     PIR4            equ	1808	;# 
   813     0711                     PIR5            equ	1809	;# 
   814     0712                     PIR6            equ	1810	;# 
   815     0713                     PIR7            equ	1811	;# 
   816     0716                     PIE0            equ	1814	;# 
   817     0717                     PIE1            equ	1815	;# 
   818     0718                     PIE2            equ	1816	;# 
   819     0719                     PIE3            equ	1817	;# 
   820     071A                     PIE4            equ	1818	;# 
   821     071B                     PIE5            equ	1819	;# 
   822     071C                     PIE6            equ	1820	;# 
   823     071D                     PIE7            equ	1821	;# 
   824     0796                     PMD0            equ	1942	;# 
   825     0797                     PMD1            equ	1943	;# 
   826     0798                     PMD2            equ	1944	;# 
   827     0799                     PMD3            equ	1945	;# 
   828     079A                     PMD4            equ	1946	;# 
   829     079B                     PMD5            equ	1947	;# 
   830     080C                     WDTCON0         equ	2060	;# 
   831     080D                     WDTCON1         equ	2061	;# 
   832     080E                     WDTPSL          equ	2062	;# 
   833     080F                     WDTPSH          equ	2063	;# 
   834     0810                     WDTTMR          equ	2064	;# 
   835     0811                     BORCON          equ	2065	;# 
   836     0812                     VREGCON         equ	2066	;# 
   837     0813                     PCON0           equ	2067	;# 
   838     0814                     PCON1           equ	2068	;# 
   839     081A                     NVMADR          equ	2074	;# 
   840     081A                     NVMADRL         equ	2074	;# 
   841     081B                     NVMADRH         equ	2075	;# 
   842     081C                     NVMDAT          equ	2076	;# 
   843     081C                     NVMDATL         equ	2076	;# 
   844     081D                     NVMDATH         equ	2077	;# 
   845     081E                     NVMCON1         equ	2078	;# 
   846     081F                     NVMCON2         equ	2079	;# 
   847     088C                     CPUDOZE         equ	2188	;# 
   848     088D                     OSCCON1         equ	2189	;# 
   849     088E                     OSCCON2         equ	2190	;# 
   850     088F                     OSCCON3         equ	2191	;# 
   851     0890                     OSCSTAT         equ	2192	;# 
   852     0891                     OSCEN           equ	2193	;# 
   853     0892                     OSCTUNE         equ	2194	;# 
   854     0893                     OSCFRQ          equ	2195	;# 
   855     0895                     CLKRCON         equ	2197	;# 
   856     0896                     CLKRCLK         equ	2198	;# 
   857     090C                     FVRCON          equ	2316	;# 
   858     090E                     DAC1CON0        equ	2318	;# 
   859     090F                     DAC1CON1        equ	2319	;# 
   860     091F                     ZCDCON          equ	2335	;# 
   861     098F                     CMOUT           equ	2447	;# 
   862     098F                     CMSTAT          equ	2447	;# 
   863     0990                     CM1CON0         equ	2448	;# 
   864     0991                     CM1CON1         equ	2449	;# 
   865     0992                     CM1NCH          equ	2450	;# 
   866     0993                     CM1PCH          equ	2451	;# 
   867     0994                     CM2CON0         equ	2452	;# 
   868     0995                     CM2CON1         equ	2453	;# 
   869     0996                     CM2NCH          equ	2454	;# 
   870     0997                     CM2PCH          equ	2455	;# 
   871     0A19                     RC2REG          equ	2585	;# 
   872     0A19                     RCREG2          equ	2585	;# 
   873     0A1A                     TX2REG          equ	2586	;# 
   874     0A1A                     TXREG2          equ	2586	;# 
   875     0A1B                     SP2BRG          equ	2587	;# 
   876     0A1B                     SP2BRGL         equ	2587	;# 
   877     0A1B                     SPBRG2          equ	2587	;# 
   878     0A1C                     SP2BRGH         equ	2588	;# 
   879     0A1C                     SPBRGH2         equ	2588	;# 
   880     0A1D                     RC2STA          equ	2589	;# 
   881     0A1D                     RCSTA2          equ	2589	;# 
   882     0A1E                     TX2STA          equ	2590	;# 
   883     0A1E                     TXSTA2          equ	2590	;# 
   884     0A1F                     BAUD2CON        equ	2591	;# 
   885     0A1F                     BAUDCON2        equ	2591	;# 
   886     0A1F                     BAUDCTL2        equ	2591	;# 
   887     1E0F                     CLCDATA         equ	7695	;# 
   888     1E10                     CLC1CON         equ	7696	;# 
   889     1E11                     CLC1POL         equ	7697	;# 
   890     1E12                     CLC1SEL0        equ	7698	;# 
   891     1E13                     CLC1SEL1        equ	7699	;# 
   892     1E14                     CLC1SEL2        equ	7700	;# 
   893     1E15                     CLC1SEL3        equ	7701	;# 
   894     1E16                     CLC1GLS0        equ	7702	;# 
   895     1E17                     CLC1GLS1        equ	7703	;# 
   896     1E18                     CLC1GLS2        equ	7704	;# 
   897     1E19                     CLC1GLS3        equ	7705	;# 
   898     1E1A                     CLC2CON         equ	7706	;# 
   899     1E1B                     CLC2POL         equ	7707	;# 
   900     1E1C                     CLC2SEL0        equ	7708	;# 
   901     1E1D                     CLC2SEL1        equ	7709	;# 
   902     1E1E                     CLC2SEL2        equ	7710	;# 
   903     1E1F                     CLC2SEL3        equ	7711	;# 
   904     1E20                     CLC2GLS0        equ	7712	;# 
   905     1E21                     CLC2GLS1        equ	7713	;# 
   906     1E22                     CLC2GLS2        equ	7714	;# 
   907     1E23                     CLC2GLS3        equ	7715	;# 
   908     1E24                     CLC3CON         equ	7716	;# 
   909     1E25                     CLC3POL         equ	7717	;# 
   910     1E26                     CLC3SEL0        equ	7718	;# 
   911     1E27                     CLC3SEL1        equ	7719	;# 
   912     1E28                     CLC3SEL2        equ	7720	;# 
   913     1E29                     CLC3SEL3        equ	7721	;# 
   914     1E2A                     CLC3GLS0        equ	7722	;# 
   915     1E2B                     CLC3GLS1        equ	7723	;# 
   916     1E2C                     CLC3GLS2        equ	7724	;# 
   917     1E2D                     CLC3GLS3        equ	7725	;# 
   918     1E2E                     CLC4CON         equ	7726	;# 
   919     1E2F                     CLC4POL         equ	7727	;# 
   920     1E30                     CLC4SEL0        equ	7728	;# 
   921     1E31                     CLC4SEL1        equ	7729	;# 
   922     1E32                     CLC4SEL2        equ	7730	;# 
   923     1E33                     CLC4SEL3        equ	7731	;# 
   924     1E34                     CLC4GLS0        equ	7732	;# 
   925     1E35                     CLC4GLS1        equ	7733	;# 
   926     1E36                     CLC4GLS2        equ	7734	;# 
   927     1E37                     CLC4GLS3        equ	7735	;# 
   928     1E8F                     PPSLOCK         equ	7823	;# 
   929     1E90                     INTPPS          equ	7824	;# 
   930     1E91                     T0CKIPPS        equ	7825	;# 
   931     1E92                     T1CKIPPS        equ	7826	;# 
   932     1E93                     T1GPPS          equ	7827	;# 
   933     1E9C                     T2INPPS         equ	7836	;# 
   934     1EA1                     CCP1PPS         equ	7841	;# 
   935     1EA2                     CCP2PPS         equ	7842	;# 
   936     1EB1                     CWG1PPS         equ	7857	;# 
   937     1EBB                     CLCIN0PPS       equ	7867	;# 
   938     1EBC                     CLCIN1PPS       equ	7868	;# 
   939     1EBD                     CLCIN2PPS       equ	7869	;# 
   940     1EBE                     CLCIN3PPS       equ	7870	;# 
   941     1EC3                     ADACTPPS        equ	7875	;# 
   942     1EC5                     SSP1CLKPPS      equ	7877	;# 
   943     1EC6                     SSP1DATPPS      equ	7878	;# 
   944     1EC7                     SSP1SSPPS       equ	7879	;# 
   945     1ECB                     RX1DTPPS        equ	7883	;# 
   946     1ECC                     TX1CKPPS        equ	7884	;# 
   947     1ECD                     RX2DTPPS        equ	7885	;# 
   948     1ECE                     TX2CKPPS        equ	7886	;# 
   949     1F10                     RA0PPS          equ	7952	;# 
   950     1F11                     RA1PPS          equ	7953	;# 
   951     1F12                     RA2PPS          equ	7954	;# 
   952     1F13                     RA3PPS          equ	7955	;# 
   953     1F14                     RA4PPS          equ	7956	;# 
   954     1F15                     RA5PPS          equ	7957	;# 
   955     1F20                     RC0PPS          equ	7968	;# 
   956     1F21                     RC1PPS          equ	7969	;# 
   957     1F22                     RC2PPS          equ	7970	;# 
   958     1F23                     RC3PPS          equ	7971	;# 
   959     1F24                     RC4PPS          equ	7972	;# 
   960     1F25                     RC5PPS          equ	7973	;# 
   961     1F38                     ANSELA          equ	7992	;# 
   962     1F39                     WPUA            equ	7993	;# 
   963     1F3A                     ODCONA          equ	7994	;# 
   964     1F3B                     SLRCONA         equ	7995	;# 
   965     1F3C                     INLVLA          equ	7996	;# 
   966     1F3D                     IOCAP           equ	7997	;# 
   967     1F3E                     IOCAN           equ	7998	;# 
   968     1F3F                     IOCAF           equ	7999	;# 
   969     1F4E                     ANSELC          equ	8014	;# 
   970     1F4F                     WPUC            equ	8015	;# 
   971     1F50                     ODCONC          equ	8016	;# 
   972     1F51                     SLRCONC         equ	8017	;# 
   973     1F52                     INLVLC          equ	8018	;# 
   974     1F53                     IOCCP           equ	8019	;# 
   975     1F54                     IOCCN           equ	8020	;# 
   976     1F55                     IOCCF           equ	8021	;# 
   977     1FE4                     STATUS_SHAD     equ	8164	;# 
   978     1FE5                     WREG_SHAD       equ	8165	;# 
   979     1FE6                     BSR_SHAD        equ	8166	;# 
   980     1FE7                     PCLATH_SHAD     equ	8167	;# 
   981     1FE8                     FSR0_SHAD       equ	8168	;# 
   982     1FE8                     FSR0L_SHAD      equ	8168	;# 
   983     1FE9                     FSR0H_SHAD      equ	8169	;# 
   984     1FEA                     FSR1_SHAD       equ	8170	;# 
   985     1FEA                     FSR1L_SHAD      equ	8170	;# 
   986     1FEB                     FSR1H_SHAD      equ	8171	;# 
   987     1FED                     STKPTR          equ	8173	;# 
   988     1FEE                     TOSL            equ	8174	;# 
   989     1FEF                     TOSH            equ	8175	;# 
   990     0012                     _TRISAbits      set	18
   991     0018                     _LATAbits       set	24
   992     000C                     _PORTAbits      set	12
   993     000E                     _PORTCbits      set	14
   994     0014                     _TRISC          set	20
   995     001A                     _LATC           set	26
   996     000E                     _PORTC          set	14
   997     0012                     _TRISA          set	18
   998     0018                     _LATA           set	24
   999     000C                     _PORTA          set	12
  1000     000B                     _INTCONbits     set	11
  1001     028C                     _TMR2           set	652
  1002     028D                     _T2PR           set	653
  1003     0291                     _T2RSTbits      set	657
  1004     028F                     _T2HLTbits      set	655
  1005     0290                     _T2CLKCONbits   set	656
  1006     028E                     _T2CONbits      set	654
  1007     0716                     _PIE0bits       set	1814
  1008     071A                     _PIE4bits       set	1818
  1009     0710                     _PIR4bits       set	1808
  1010     079A                     _PMD4bits       set	1946
  1011     1F3E                     _IOCANbits      set	7998
  1012     1F3D                     _IOCAPbits      set	7997
  1013     1F3C                     _INLVLAbits     set	7996
  1014     1F39                     _WPUAbits       set	7993
  1015     1F38                     _ANSELAbits     set	7992
  1016     1F51                     _SLRCONC        set	8017
  1017     1F50                     _ODCONC         set	8016
  1018     1F4E                     _ANSELC         set	8014
  1019     1F3B                     _SLRCONA        set	7995
  1020     1F3A                     _ODCONA         set	7994
  1021     1F38                     _ANSELA         set	7992
  1022     1F3F                     _IOCAFbits      set	7999
  1023                           
  1024                           	psect	cinit
  1025     0022                     start_initialization:	
  1026                           ; #config settings
  1027                           
  1028     0022                     __initialization:
  1029                           
  1030                           ; Clear objects allocated to COMMON
  1031     0022  01F0               	clrf	__pbssCOMMON& (0+127)
  1032     0023  01F1               	clrf	(__pbssCOMMON+1)& (0+127)
  1033     0024  01F2               	clrf	(__pbssCOMMON+2)& (0+127)
  1034     0025  01F3               	clrf	(__pbssCOMMON+3)& (0+127)
  1035     0026  01F4               	clrf	(__pbssCOMMON+4)& (0+127)
  1036     0027  01F5               	clrf	(__pbssCOMMON+5)& (0+127)
  1037     0028  01F6               	clrf	(__pbssCOMMON+6)& (0+127)
  1038                           
  1039                           ; Clear objects allocated to BANK0
  1040     0029  0140               	movlb	0	; select bank0
  1041     002A  01A0               	clrf	__pbssBANK0& (0+127)
  1042     002B  01A1               	clrf	(__pbssBANK0+1)& (0+127)
  1043     002C  01A2               	clrf	(__pbssBANK0+2)& (0+127)
  1044     002D                     end_of_initialization:	
  1045                           ;End of C runtime variable initialization code
  1046                           
  1047     002D                     __end_of__initialization:
  1048     002D  107E               	bcf	int$flags,0	;clear compiler interrupt flag (level 1)
  1049     002E  0140               	movlb	0
  1050     002F  3181  29BA         	ljmp	_main	;jump to C main() function
  1051                           
  1052                           	psect	bssCOMMON
  1053     0070                     __pbssCOMMON:
  1054     0070                     __bitValues:
  1055     0070                     	ds	2
  1056     0072                     __previousBitValue:
  1057     0072                     	ds	1
  1058     0073                     __shortPulseCount:
  1059     0073                     	ds	1
  1060     0074                     __bitCount:
  1061     0074                     	ds	1
  1062     0075                     __state:
  1063     0075                     	ds	1
  1064     0076                     __rc5CommandAvailable:
  1065     0076                     	ds	1
  1066                           
  1067                           	psect	bssBANK0
  1068     0020                     __pbssBANK0:
  1069     0020                     __rc5Command:
  1070     0020                     	ds	3
  1071                           
  1072                           	psect	cstackCOMMON
  1073     0077                     __pcstackCOMMON:
  1074     0077                     ?_rc5IsrPin:
  1075     0077                     ?_rc5IsrTimer:	
  1076                           ; 1 bytes @ 0x0
  1077                           
  1078     0077                     ?__initialize:	
  1079                           ; 1 bytes @ 0x0
  1080                           
  1081     0077                     ?__execute:	
  1082                           ; 1 bytes @ 0x0
  1083                           
  1084     0077                     ?_rc5Setup:	
  1085                           ; 1 bytes @ 0x0
  1086                           
  1087     0077                     ?_isr:	
  1088                           ; 1 bytes @ 0x0
  1089                           
  1090     0077                     ?_main:	
  1091                           ; 1 bytes @ 0x0
  1092                           
  1093     0077                     ??_rc5IsrPin:	
  1094                           ; 1 bytes @ 0x0
  1095                           
  1096     0077                     ??_rc5IsrTimer:	
  1097                           ; 1 bytes @ 0x0
  1098                           
  1099                           
  1100                           ; 1 bytes @ 0x0
  1101     0077                     	ds	2
  1102     0079                     _rc5IsrPin$632:
  1103                           
  1104                           ; 2 bytes @ 0x2
  1105     0079                     	ds	2
  1106     007B                     rc5IsrPin@time:
  1107                           
  1108                           ; 1 bytes @ 0x4
  1109     007B                     	ds	1
  1110     007C                     ??_isr:
  1111                           
  1112                           	psect	cstackBANK0
  1113     0023                     __pcstackBANK0:	
  1114                           ; 1 bytes @ 0x5
  1115                           
  1116     0023                     __execute@rc5Command:
  1117     0023                     ??__initialize:	
  1118                           ; 3 bytes @ 0x0
  1119                           
  1120     0023                     ??__execute:	
  1121                           ; 1 bytes @ 0x0
  1122                           
  1123     0023                     ??_rc5Setup:	
  1124                           ; 1 bytes @ 0x0
  1125                           
  1126                           
  1127                           ; 1 bytes @ 0x0
  1128     0023                     	ds	3
  1129     0026                     ??_main:
  1130                           
  1131                           	psect	maintext
  1132     01BA                     __pmaintext:	
  1133                           ; 1 bytes @ 0x3
  1134 ;;
  1135 ;;Main: autosize = 0, tempsize = 0, incstack = 0, save=0
  1136 ;;
  1137 ;; *************** function _main *****************
  1138 ;; Defined at:
  1139 ;;		line 72 in file "/home/bart/Documents/Development/Embedded/pic/iroutlet/Mplab/IrOutlet.X/main.c"
  1140 ;; Parameters:    Size  Location     Type
  1141 ;;		None
  1142 ;; Auto vars:     Size  Location     Type
  1143 ;;		None
  1144 ;; Return value:  Size  Location     Type
  1145 ;;                  1    wreg      void 
  1146 ;; Registers used:
  1147 ;;		wreg, fsr0l, fsr0h, status,2, status,0, pclath, cstack
  1148 ;; Tracked objects:
  1149 ;;		On entry : B3F/0
  1150 ;;		On exit  : 0/0
  1151 ;;		Unchanged: 0/0
  1152 ;; Data sizes:     COMMON   BANK0   BANK1   BANK2   BANK3   BANK4   BANK5   BANK6   BANK7   BANK8   BANK9  BANK10  BANK1
      +1  BANK12
  1153 ;;      Params:         0       0       0       0       0       0       0       0       0       0       0       0       
      +0       0
  1154 ;;      Locals:         0       0       0       0       0       0       0       0       0       0       0       0       
      +0       0
  1155 ;;      Temps:          0       0       0       0       0       0       0       0       0       0       0       0       
      +0       0
  1156 ;;      Totals:         0       0       0       0       0       0       0       0       0       0       0       0       
      +0       0
  1157 ;;Total ram usage:        0 bytes
  1158 ;; Hardware stack levels required when called: 4
  1159 ;; This function calls:
  1160 ;;		__execute
  1161 ;;		__initialize
  1162 ;; This function is called by:
  1163 ;;		Startup code after reset
  1164 ;; This function uses a non-reentrant model
  1165 ;;
  1166                           
  1167     01BA                     _main:	
  1168                           ;psect for function _main
  1169                           
  1170     01BA                     l953:	
  1171                           ;incstack = 0
  1172                           ; Regs used in _main: [wreg-fsr0h+status,2+status,0+pclath+cstack]
  1173                           
  1174                           
  1175                           ;/home/bart/Documents/Development/Embedded/pic/iroutlet/Mplab/IrOutlet.X/main.c: 75:    
      +                           _initialize();
  1176     01BA  3181  2193  3181   	fcall	__initialize
  1177     01BD                     l955:
  1178                           
  1179                           ;/home/bart/Documents/Development/Embedded/pic/iroutlet/Mplab/IrOutlet.X/main.c: 78:    
      +                           _execute();
  1180     01BD  3180  20EF  3181   	fcall	__execute
  1181     01C0                     l64:
  1182     01C0  3180  2820         	ljmp	start
  1183     01C2                     __end_of_main:
  1184                           
  1185                           	psect	text1
  1186     0193                     __ptext1:	
  1187 ;; *************** function __initialize *****************
  1188 ;; Defined at:
  1189 ;;		line 88 in file "/home/bart/Documents/Development/Embedded/pic/iroutlet/Mplab/IrOutlet.X/main.c"
  1190 ;; Parameters:    Size  Location     Type
  1191 ;;		None
  1192 ;; Auto vars:     Size  Location     Type
  1193 ;;		None
  1194 ;; Return value:  Size  Location     Type
  1195 ;;                  1    wreg      void 
  1196 ;; Registers used:
  1197 ;;		wreg, status,2, status,0, pclath, cstack
  1198 ;; Tracked objects:
  1199 ;;		On entry : 0/0
  1200 ;;		On exit  : 0/0
  1201 ;;		Unchanged: 0/0
  1202 ;; Data sizes:     COMMON   BANK0   BANK1   BANK2   BANK3   BANK4   BANK5   BANK6   BANK7   BANK8   BANK9  BANK10  BANK1
      +1  BANK12
  1203 ;;      Params:         0       0       0       0       0       0       0       0       0       0       0       0       
      +0       0
  1204 ;;      Locals:         0       0       0       0       0       0       0       0       0       0       0       0       
      +0       0
  1205 ;;      Temps:          0       0       0       0       0       0       0       0       0       0       0       0       
      +0       0
  1206 ;;      Totals:         0       0       0       0       0       0       0       0       0       0       0       0       
      +0       0
  1207 ;;Total ram usage:        0 bytes
  1208 ;; Hardware stack levels used: 1
  1209 ;; Hardware stack levels required when called: 3
  1210 ;; This function calls:
  1211 ;;		_rc5Setup
  1212 ;; This function is called by:
  1213 ;;		_main
  1214 ;; This function uses a non-reentrant model
  1215 ;;
  1216                           
  1217     0193                     __initialize:	
  1218                           ;psect for function __initialize
  1219                           
  1220     0193                     l765:	
  1221                           ;incstack = 0
  1222                           ; Regs used in __initialize: [wreg+status,2+status,0+pclath+cstack]
  1223                           
  1224                           
  1225                           ;/home/bart/Documents/Development/Embedded/pic/iroutlet/Mplab/IrOutlet.X/main.c: 90:    
      +                           (INTCONbits.GIE = 0);
  1226     0193  138B               	bcf	11,7	;volatile
  1227                           
  1228                           ;/home/bart/Documents/Development/Embedded/pic/iroutlet/Mplab/IrOutlet.X/main.c: 93:    
      +                           PMD4bits.UART1MD = 1;
  1229     0194  014F               	movlb	15	; select bank15
  1230     0195  171A               	bsf	26,6	;volatile
  1231                           
  1232                           ;/home/bart/Documents/Development/Embedded/pic/iroutlet/Mplab/IrOutlet.X/main.c: 94:    
      +                           PMD4bits.UART2MD = 1;
  1233     0196  179A               	bsf	26,7	;volatile
  1234                           
  1235                           ;/home/bart/Documents/Development/Embedded/pic/iroutlet/Mplab/IrOutlet.X/main.c: 95:    
      +                           PMD4bits.MSSP1MD = 1;
  1236     0197  161A               	bsf	26,4	;volatile
  1237     0198                     l767:
  1238                           
  1239                           ;/home/bart/Documents/Development/Embedded/pic/iroutlet/Mplab/IrOutlet.X/main.c: 98:    
      +                           PORTA &= 0b11001111;
  1240     0198  30CF               	movlw	207
  1241     0199  0140               	movlb	0	; select bank0
  1242     019A  058C               	andwf	12,f	;volatile
  1243                           
  1244                           ;/home/bart/Documents/Development/Embedded/pic/iroutlet/Mplab/IrOutlet.X/main.c: 99:    
      +                           LATA &= 0b11001111;
  1245     019B  30CF               	movlw	207
  1246     019C  0598               	andwf	24,f	;volatile
  1247                           
  1248                           ;/home/bart/Documents/Development/Embedded/pic/iroutlet/Mplab/IrOutlet.X/main.c: 100:   
      +                            ANSELA &= 0b11001111;
  1249     019D  30CF               	movlw	207
  1250     019E  017E               	movlb	62	; select bank62
  1251     019F  05B8               	andwf	56,f	;volatile
  1252                           
  1253                           ;/home/bart/Documents/Development/Embedded/pic/iroutlet/Mplab/IrOutlet.X/main.c: 101:   
      +                            ODCONA &= 0b11001111;
  1254     01A0  30CF               	movlw	207
  1255     01A1  05BA               	andwf	58,f	;volatile
  1256                           
  1257                           ;/home/bart/Documents/Development/Embedded/pic/iroutlet/Mplab/IrOutlet.X/main.c: 102:   
      +                            SLRCONA &= 0b11001111;
  1258     01A2  30CF               	movlw	207
  1259     01A3  05BB               	andwf	59,f	;volatile
  1260                           
  1261                           ;/home/bart/Documents/Development/Embedded/pic/iroutlet/Mplab/IrOutlet.X/main.c: 103:   
      +                            TRISA &= 0b11001111;
  1262     01A4  30CF               	movlw	207
  1263     01A5  0140               	movlb	0	; select bank0
  1264     01A6  0592               	andwf	18,f	;volatile
  1265                           
  1266                           ;/home/bart/Documents/Development/Embedded/pic/iroutlet/Mplab/IrOutlet.X/main.c: 105:   
      +                            PORTC &= 0b11000000;
  1267     01A7  30C0               	movlw	192
  1268     01A8  058E               	andwf	14,f	;volatile
  1269                           
  1270                           ;/home/bart/Documents/Development/Embedded/pic/iroutlet/Mplab/IrOutlet.X/main.c: 106:   
      +                            LATC &= 0b11000000;
  1271     01A9  30C0               	movlw	192
  1272     01AA  059A               	andwf	26,f	;volatile
  1273                           
  1274                           ;/home/bart/Documents/Development/Embedded/pic/iroutlet/Mplab/IrOutlet.X/main.c: 107:   
      +                            ANSELC &= 0b11000000;
  1275     01AB  30C0               	movlw	192
  1276     01AC  017E               	movlb	62	; select bank62
  1277     01AD  05CE               	andwf	78,f	;volatile
  1278                           
  1279                           ;/home/bart/Documents/Development/Embedded/pic/iroutlet/Mplab/IrOutlet.X/main.c: 108:   
      +                            ODCONC &= 0b11000000;
  1280     01AE  30C0               	movlw	192
  1281     01AF  05D0               	andwf	80,f	;volatile
  1282                           
  1283                           ;/home/bart/Documents/Development/Embedded/pic/iroutlet/Mplab/IrOutlet.X/main.c: 109:   
      +                            SLRCONC &= 0b11000000;
  1284     01B0  30C0               	movlw	192
  1285     01B1  05D1               	andwf	81,f	;volatile
  1286                           
  1287                           ;/home/bart/Documents/Development/Embedded/pic/iroutlet/Mplab/IrOutlet.X/main.c: 110:   
      +                            TRISC &= 0b11000000;
  1288     01B2  30C0               	movlw	192
  1289     01B3  0140               	movlb	0	; select bank0
  1290     01B4  0594               	andwf	20,f	;volatile
  1291     01B5                     l769:
  1292                           
  1293                           ;/home/bart/Documents/Development/Embedded/pic/iroutlet/Mplab/IrOutlet.X/main.c: 112:   
      +                            rc5Setup();
  1294     01B5  3181  216A  3181   	fcall	_rc5Setup
  1295     01B8                     l771:
  1296                           
  1297                           ;/home/bart/Documents/Development/Embedded/pic/iroutlet/Mplab/IrOutlet.X/main.c: 114:   
      +                            (INTCONbits.GIE = 1);
  1298     01B8  178B               	bsf	11,7	;volatile
  1299     01B9                     l67:
  1300     01B9  0008               	return
  1301     01BA                     __end_of__initialize:
  1302                           
  1303                           	psect	text2
  1304     016A                     __ptext2:	
  1305 ;; *************** function _rc5Setup *****************
  1306 ;; Defined at:
  1307 ;;		line 60 in file "/home/bart/Documents/Development/Embedded/pic/iroutlet/Mplab/IrOutlet.X/rc5.c"
  1308 ;; Parameters:    Size  Location     Type
  1309 ;;		None
  1310 ;; Auto vars:     Size  Location     Type
  1311 ;;		None
  1312 ;; Return value:  Size  Location     Type
  1313 ;;                  1    wreg      void 
  1314 ;; Registers used:
  1315 ;;		wreg, status,2, status,0
  1316 ;; Tracked objects:
  1317 ;;		On entry : 0/0
  1318 ;;		On exit  : 0/0
  1319 ;;		Unchanged: 0/0
  1320 ;; Data sizes:     COMMON   BANK0   BANK1   BANK2   BANK3   BANK4   BANK5   BANK6   BANK7   BANK8   BANK9  BANK10  BANK1
      +1  BANK12
  1321 ;;      Params:         0       0       0       0       0       0       0       0       0       0       0       0       
      +0       0
  1322 ;;      Locals:         0       0       0       0       0       0       0       0       0       0       0       0       
      +0       0
  1323 ;;      Temps:          0       0       0       0       0       0       0       0       0       0       0       0       
      +0       0
  1324 ;;      Totals:         0       0       0       0       0       0       0       0       0       0       0       0       
      +0       0
  1325 ;;Total ram usage:        0 bytes
  1326 ;; Hardware stack levels used: 1
  1327 ;; Hardware stack levels required when called: 2
  1328 ;; This function calls:
  1329 ;;		Nothing
  1330 ;; This function is called by:
  1331 ;;		__initialize
  1332 ;; This function uses a non-reentrant model
  1333 ;;
  1334                           
  1335     016A                     _rc5Setup:	
  1336                           ;psect for function _rc5Setup
  1337                           
  1338     016A                     l645:	
  1339                           ;incstack = 0
  1340                           ; Regs used in _rc5Setup: [wreg+status,2+status,0]
  1341                           
  1342                           
  1343                           ;/home/bart/Documents/Development/Embedded/pic/iroutlet/Mplab/IrOutlet.X/rc5.c: 64:     
      +                          T2CONbits.ON = 0;
  1344     016A  0145               	movlb	5	; select bank5
  1345     016B  138E               	bcf	14,7	;volatile
  1346     016C                     l647:
  1347                           
  1348                           ;/home/bart/Documents/Development/Embedded/pic/iroutlet/Mplab/IrOutlet.X/rc5.c: 65:     
      +                          T2CONbits.OUTPS = 0b0000;
  1349     016C  30F0               	movlw	-16
  1350     016D  058E               	andwf	14,f	;volatile
  1351                           
  1352                           ;/home/bart/Documents/Development/Embedded/pic/iroutlet/Mplab/IrOutlet.X/rc5.c: 66:     
      +                          T2CONbits.CKPS = 0b111;
  1353     016E  3070               	movlw	112
  1354     016F  048E               	iorwf	14,f	;volatile
  1355                           
  1356                           ;/home/bart/Documents/Development/Embedded/pic/iroutlet/Mplab/IrOutlet.X/rc5.c: 67:     
      +                          T2CLKCONbits.CS = 0b0001;
  1357     0170  0810               	movf	16,w	;volatile
  1358     0171  39F0               	andlw	-16
  1359     0172  3801               	iorlw	1
  1360     0173  0090               	movwf	16	;volatile
  1361                           
  1362                           ;/home/bart/Documents/Development/Embedded/pic/iroutlet/Mplab/IrOutlet.X/rc5.c: 68:     
      +                          T2HLTbits.MODE = 0b0000;
  1363     0174  30E0               	movlw	-32
  1364     0175  058F               	andwf	15,f	;volatile
  1365     0176                     l649:
  1366                           
  1367                           ;/home/bart/Documents/Development/Embedded/pic/iroutlet/Mplab/IrOutlet.X/rc5.c: 69:     
      +                          T2HLTbits.CKSYNC = 1;
  1368     0176  168F               	bsf	15,5	;volatile
  1369     0177                     l651:
  1370                           
  1371                           ;/home/bart/Documents/Development/Embedded/pic/iroutlet/Mplab/IrOutlet.X/rc5.c: 70:     
      +                          T2HLTbits.CKPOL = 0;
  1372     0177  130F               	bcf	15,6	;volatile
  1373     0178                     l653:
  1374                           
  1375                           ;/home/bart/Documents/Development/Embedded/pic/iroutlet/Mplab/IrOutlet.X/rc5.c: 71:     
      +                          T2HLTbits.PSYNC = 1;
  1376     0178  178F               	bsf	15,7	;volatile
  1377                           
  1378                           ;/home/bart/Documents/Development/Embedded/pic/iroutlet/Mplab/IrOutlet.X/rc5.c: 72:     
      +                          T2RSTbits.RSEL = 0b0000;
  1379     0179  30F0               	movlw	-16
  1380     017A  0591               	andwf	17,f	;volatile
  1381     017B                     l655:
  1382                           
  1383                           ;/home/bart/Documents/Development/Embedded/pic/iroutlet/Mplab/IrOutlet.X/rc5.c: 73:     
      +                          T2PR = 0b11111111;
  1384     017B  30FF               	movlw	255
  1385     017C  008D               	movwf	13	;volatile
  1386     017D                     l657:
  1387                           
  1388                           ;/home/bart/Documents/Development/Embedded/pic/iroutlet/Mplab/IrOutlet.X/rc5.c: 74:     
      +                          PIE4bits.TMR2IE = 0;
  1389     017D  014E               	movlb	14	; select bank14
  1390     017E  109A               	bcf	26,1	;volatile
  1391     017F                     l659:
  1392                           
  1393                           ;/home/bart/Documents/Development/Embedded/pic/iroutlet/Mplab/IrOutlet.X/rc5.c: 75:     
      +                          T2CONbits.ON = 1;
  1394     017F  0145               	movlb	5	; select bank5
  1395     0180  178E               	bsf	14,7	;volatile
  1396     0181                     l661:
  1397                           
  1398                           ;/home/bart/Documents/Development/Embedded/pic/iroutlet/Mplab/IrOutlet.X/rc5.c: 76:     
      +                          INTCONbits.PEIE = 1;
  1399     0181  170B               	bsf	11,6	;volatile
  1400     0182                     l663:
  1401                           
  1402                           ;/home/bart/Documents/Development/Embedded/pic/iroutlet/Mplab/IrOutlet.X/rc5.c: 79:     
      +                          PORTAbits.RA2 = 0;
  1403     0182  0140               	movlb	0	; select bank0
  1404     0183  110C               	bcf	12,2	;volatile
  1405     0184                     l665:
  1406                           
  1407                           ;/home/bart/Documents/Development/Embedded/pic/iroutlet/Mplab/IrOutlet.X/rc5.c: 80:     
      +                          LATAbits.LATA2 = 0;
  1408     0184  1118               	bcf	24,2	;volatile
  1409     0185                     l667:
  1410                           
  1411                           ;/home/bart/Documents/Development/Embedded/pic/iroutlet/Mplab/IrOutlet.X/rc5.c: 81:     
      +                          ANSELAbits.ANSA2 = 0;
  1412     0185  017E               	movlb	62	; select bank62
  1413     0186  1138               	bcf	56,2	;volatile
  1414     0187                     l669:
  1415                           
  1416                           ;/home/bart/Documents/Development/Embedded/pic/iroutlet/Mplab/IrOutlet.X/rc5.c: 82:     
      +                          WPUAbits.WPUA2 = 1;
  1417     0187  1539               	bsf	57,2	;volatile
  1418     0188                     l671:
  1419                           
  1420                           ;/home/bart/Documents/Development/Embedded/pic/iroutlet/Mplab/IrOutlet.X/rc5.c: 83:     
      +                          INLVLAbits.INLVLA2 = 1;
  1421     0188  153C               	bsf	60,2	;volatile
  1422     0189                     l673:
  1423                           
  1424                           ;/home/bart/Documents/Development/Embedded/pic/iroutlet/Mplab/IrOutlet.X/rc5.c: 84:     
      +                          TRISAbits.TRISA2 = 1;
  1425     0189  0140               	movlb	0	; select bank0
  1426     018A  1512               	bsf	18,2	;volatile
  1427     018B                     l675:
  1428                           
  1429                           ;/home/bart/Documents/Development/Embedded/pic/iroutlet/Mplab/IrOutlet.X/rc5.c: 85:     
      +                          IOCAFbits.IOCAF2 = 0;
  1430     018B  017E               	movlb	62	; select bank62
  1431     018C  113F               	bcf	63,2	;volatile
  1432     018D                     l677:
  1433                           
  1434                           ;/home/bart/Documents/Development/Embedded/pic/iroutlet/Mplab/IrOutlet.X/rc5.c: 86:     
      +                          IOCAPbits.IOCAP2 = 0;
  1435     018D  113D               	bcf	61,2	;volatile
  1436     018E                     l679:
  1437                           
  1438                           ;/home/bart/Documents/Development/Embedded/pic/iroutlet/Mplab/IrOutlet.X/rc5.c: 87:     
      +                          IOCANbits.IOCAN2 = 1;
  1439     018E  153E               	bsf	62,2	;volatile
  1440     018F                     l681:
  1441                           
  1442                           ;/home/bart/Documents/Development/Embedded/pic/iroutlet/Mplab/IrOutlet.X/rc5.c: 88:     
      +                          PIE0bits.IOCIE = 1;
  1443     018F  014E               	movlb	14	; select bank14
  1444     0190  1616               	bsf	22,4	;volatile
  1445     0191                     l683:
  1446                           
  1447                           ;/home/bart/Documents/Development/Embedded/pic/iroutlet/Mplab/IrOutlet.X/rc5.c: 91:     
      +                          _state = RC5_STATE_IDLE;
  1448     0191  01F5               	clrf	__state
  1449     0192                     l150:
  1450     0192  0008               	return
  1451     0193                     __end_of_rc5Setup:
  1452                           
  1453                           	psect	text3
  1454     00EF                     __ptext3:	
  1455 ;; *************** function __execute *****************
  1456 ;; Defined at:
  1457 ;;		line 124 in file "/home/bart/Documents/Development/Embedded/pic/iroutlet/Mplab/IrOutlet.X/main.c"
  1458 ;; Parameters:    Size  Location     Type
  1459 ;;		None
  1460 ;; Auto vars:     Size  Location     Type
  1461 ;;  rc5Command      3    0[BANK0 ] struct .
  1462 ;; Return value:  Size  Location     Type
  1463 ;;                  1    wreg      void 
  1464 ;; Registers used:
  1465 ;;		wreg, fsr0l, fsr0h, status,2, status,0
  1466 ;; Tracked objects:
  1467 ;;		On entry : 0/0
  1468 ;;		On exit  : 0/0
  1469 ;;		Unchanged: 0/0
  1470 ;; Data sizes:     COMMON   BANK0   BANK1   BANK2   BANK3   BANK4   BANK5   BANK6   BANK7   BANK8   BANK9  BANK10  BANK1
      +1  BANK12
  1471 ;;      Params:         0       0       0       0       0       0       0       0       0       0       0       0       
      +0       0
  1472 ;;      Locals:         0       3       0       0       0       0       0       0       0       0       0       0       
      +0       0
  1473 ;;      Temps:          0       0       0       0       0       0       0       0       0       0       0       0       
      +0       0
  1474 ;;      Totals:         0       3       0       0       0       0       0       0       0       0       0       0       
      +0       0
  1475 ;;Total ram usage:        3 bytes
  1476 ;; Hardware stack levels used: 1
  1477 ;; Hardware stack levels required when called: 2
  1478 ;; This function calls:
  1479 ;;		Nothing
  1480 ;; This function is called by:
  1481 ;;		_main
  1482 ;; This function uses a non-reentrant model
  1483 ;;
  1484                           
  1485     00EF                     __execute:	
  1486                           ;psect for function __execute
  1487                           
  1488     00EF                     l70:	
  1489                           ;incstack = 0
  1490                           ; Regs used in __execute: [wreg-fsr0h+status,2+status,0]
  1491                           ;/home/bart/Documents/Development/Embedded/pic/iroutlet/Mplab/IrOutlet.X/main.c: 126:   
      +                            RC5_COMMAND rc5Command;;/home/bart/Documents/Development/Embedded/pic/iroutlet/Mplab/I
      +                          rOutlet.X/main.c: 129:     for(;; __nop())
  1492                           
  1493     00EF                     l919:
  1494                           
  1495                           ;/home/bart/Documents/Development/Embedded/pic/iroutlet/Mplab/IrOutlet.X/main.c: 130:   
      +                            {;/home/bart/Documents/Development/Embedded/pic/iroutlet/Mplab/IrOutlet.X/main.c: 131:
      +                                   if ( _rc5CommandAvailable == 1 )
  1496     00EF  0376               	decf	__rc5CommandAvailable,w	;volatile
  1497     00F0  1D03               	btfss	3,2
  1498     00F1  28F3               	goto	u281
  1499     00F2  28F4               	goto	u280
  1500     00F3                     u281:
  1501     00F3  2967               	goto	l71
  1502     00F4                     u280:
  1503     00F4                     l921:
  1504                           
  1505                           ;/home/bart/Documents/Development/Embedded/pic/iroutlet/Mplab/IrOutlet.X/main.c: 132:   
      +                                {;/home/bart/Documents/Development/Embedded/pic/iroutlet/Mplab/IrOutlet.X/main.c: 
      +                          134:             (INTCONbits.GIE = 0);
  1506     00F4  138B               	bcf	11,7	;volatile
  1507     00F5                     l923:
  1508                           
  1509                           ;/home/bart/Documents/Development/Embedded/pic/iroutlet/Mplab/IrOutlet.X/main.c: 135:   
      +                                    rc5Command = _rc5Command;
  1510     00F5  0140               	movlb	0	; select bank0
  1511     00F6  0820               	movf	__rc5Command,w	;volatile
  1512     00F7  00A3               	movwf	__execute@rc5Command
  1513     00F8  0821               	movf	__rc5Command+1,w	;volatile
  1514     00F9  00A4               	movwf	__execute@rc5Command+1
  1515     00FA  0822               	movf	__rc5Command+2,w	;volatile
  1516     00FB  00A5               	movwf	__execute@rc5Command+2
  1517     00FC                     l925:
  1518                           
  1519                           ;/home/bart/Documents/Development/Embedded/pic/iroutlet/Mplab/IrOutlet.X/main.c: 136:   
      +                                    _rc5CommandAvailable = 0;
  1520     00FC  01F6               	clrf	__rc5CommandAvailable	;volatile
  1521     00FD                     l927:
  1522                           
  1523                           ;/home/bart/Documents/Development/Embedded/pic/iroutlet/Mplab/IrOutlet.X/main.c: 137:   
      +                                    (INTCONbits.GIE = 1);
  1524     00FD  178B               	bsf	11,7	;volatile
  1525     00FE                     l929:
  1526                           
  1527                           ;/home/bart/Documents/Development/Embedded/pic/iroutlet/Mplab/IrOutlet.X/main.c: 140:   
      +                                    if (rc5Command.address == 0b00101 )
  1528     00FE  3005               	movlw	5
  1529     00FF  0624               	xorwf	__execute@rc5Command+1,w
  1530     0100  1D03               	btfss	3,2
  1531     0101  2903               	goto	u291
  1532     0102  2904               	goto	u290
  1533     0103                     u291:
  1534     0103  2967               	goto	l71
  1535     0104                     u290:
  1536     0104  292F               	goto	l939
  1537     0105                     l933:
  1538                           
  1539                           ;/home/bart/Documents/Development/Embedded/pic/iroutlet/Mplab/IrOutlet.X/main.c: 145:   
      +                                            {;/home/bart/Documents/Development/Embedded/pic/iroutlet/Mplab/IrOutle
      +                          t.X/main.c: 147:                         PORTC |= 0b00111111;
  1540     0105  303F               	movlw	63
  1541     0106  048E               	iorwf	14,f	;volatile
  1542                           
  1543                           ;/home/bart/Documents/Development/Embedded/pic/iroutlet/Mplab/IrOutlet.X/main.c: 148:   
      +                                                PORTA |= 0b00110000;
  1544     0107  3030               	movlw	48
  1545     0108  048C               	iorwf	12,f	;volatile
  1546                           
  1547                           ;/home/bart/Documents/Development/Embedded/pic/iroutlet/Mplab/IrOutlet.X/main.c: 149:   
      +                                                break;
  1548     0109  2967               	goto	l71
  1549     010A                     l76:	
  1550                           ;/home/bart/Documents/Development/Embedded/pic/iroutlet/Mplab/IrOutlet.X/main.c: 150:   
      +                                            };/home/bart/Documents/Development/Embedded/pic/iroutlet/Mplab/IrOutle
      +                          t.X/main.c: 152:                     case 0b0000001:
  1551                           
  1552                           
  1553                           ;/home/bart/Documents/Development/Embedded/pic/iroutlet/Mplab/IrOutlet.X/main.c: 153:   
      +                                            {;/home/bart/Documents/Development/Embedded/pic/iroutlet/Mplab/IrOutle
      +                          t.X/main.c: 155:                         PORTCbits.RC0 = 1;
  1554     010A  140E               	bsf	14,0	;volatile
  1555                           
  1556                           ;/home/bart/Documents/Development/Embedded/pic/iroutlet/Mplab/IrOutlet.X/main.c: 156:   
      +                                                break;
  1557     010B  2967               	goto	l71
  1558     010C                     l77:	
  1559                           ;/home/bart/Documents/Development/Embedded/pic/iroutlet/Mplab/IrOutlet.X/main.c: 157:   
      +                                            };/home/bart/Documents/Development/Embedded/pic/iroutlet/Mplab/IrOutle
      +                          t.X/main.c: 159:                     case 0b0000010:
  1560                           
  1561                           
  1562                           ;/home/bart/Documents/Development/Embedded/pic/iroutlet/Mplab/IrOutlet.X/main.c: 160:   
      +                                            {;/home/bart/Documents/Development/Embedded/pic/iroutlet/Mplab/IrOutle
      +                          t.X/main.c: 162:                         PORTCbits.RC1 = 1;
  1563     010C  148E               	bsf	14,1	;volatile
  1564                           
  1565                           ;/home/bart/Documents/Development/Embedded/pic/iroutlet/Mplab/IrOutlet.X/main.c: 163:   
      +                                                break;
  1566     010D  2967               	goto	l71
  1567     010E                     l78:	
  1568                           ;/home/bart/Documents/Development/Embedded/pic/iroutlet/Mplab/IrOutlet.X/main.c: 164:   
      +                                            };/home/bart/Documents/Development/Embedded/pic/iroutlet/Mplab/IrOutle
      +                          t.X/main.c: 166:                     case 0b0000011:
  1569                           
  1570                           
  1571                           ;/home/bart/Documents/Development/Embedded/pic/iroutlet/Mplab/IrOutlet.X/main.c: 167:   
      +                                            {;/home/bart/Documents/Development/Embedded/pic/iroutlet/Mplab/IrOutle
      +                          t.X/main.c: 169:                         PORTCbits.RC2 = 1;
  1572     010E  150E               	bsf	14,2	;volatile
  1573                           
  1574                           ;/home/bart/Documents/Development/Embedded/pic/iroutlet/Mplab/IrOutlet.X/main.c: 170:   
      +                                                break;
  1575     010F  2967               	goto	l71
  1576     0110                     l79:	
  1577                           ;/home/bart/Documents/Development/Embedded/pic/iroutlet/Mplab/IrOutlet.X/main.c: 171:   
      +                                            };/home/bart/Documents/Development/Embedded/pic/iroutlet/Mplab/IrOutle
      +                          t.X/main.c: 173:                     case 0b0000100:
  1578                           
  1579                           
  1580                           ;/home/bart/Documents/Development/Embedded/pic/iroutlet/Mplab/IrOutlet.X/main.c: 174:   
      +                                            {;/home/bart/Documents/Development/Embedded/pic/iroutlet/Mplab/IrOutle
      +                          t.X/main.c: 176:                         PORTCbits.RC3 = 1;
  1581     0110  158E               	bsf	14,3	;volatile
  1582                           
  1583                           ;/home/bart/Documents/Development/Embedded/pic/iroutlet/Mplab/IrOutlet.X/main.c: 177:   
      +                                                break;
  1584     0111  2967               	goto	l71
  1585     0112                     l80:	
  1586                           ;/home/bart/Documents/Development/Embedded/pic/iroutlet/Mplab/IrOutlet.X/main.c: 178:   
      +                                            };/home/bart/Documents/Development/Embedded/pic/iroutlet/Mplab/IrOutle
      +                          t.X/main.c: 180:                     case 0b0000101:
  1587                           
  1588                           
  1589                           ;/home/bart/Documents/Development/Embedded/pic/iroutlet/Mplab/IrOutlet.X/main.c: 181:   
      +                                            {;/home/bart/Documents/Development/Embedded/pic/iroutlet/Mplab/IrOutle
      +                          t.X/main.c: 183:                         PORTCbits.RC4 = 1;
  1590     0112  160E               	bsf	14,4	;volatile
  1591                           
  1592                           ;/home/bart/Documents/Development/Embedded/pic/iroutlet/Mplab/IrOutlet.X/main.c: 184:   
      +                                                break;
  1593     0113  2967               	goto	l71
  1594     0114                     l81:	
  1595                           ;/home/bart/Documents/Development/Embedded/pic/iroutlet/Mplab/IrOutlet.X/main.c: 185:   
      +                                            };/home/bart/Documents/Development/Embedded/pic/iroutlet/Mplab/IrOutle
      +                          t.X/main.c: 187:                     case 0b0000110:
  1596                           
  1597                           
  1598                           ;/home/bart/Documents/Development/Embedded/pic/iroutlet/Mplab/IrOutlet.X/main.c: 188:   
      +                                            {;/home/bart/Documents/Development/Embedded/pic/iroutlet/Mplab/IrOutle
      +                          t.X/main.c: 190:                         PORTCbits.RC5 = 1;
  1599     0114  168E               	bsf	14,5	;volatile
  1600                           
  1601                           ;/home/bart/Documents/Development/Embedded/pic/iroutlet/Mplab/IrOutlet.X/main.c: 191:   
      +                                                break;
  1602     0115  2967               	goto	l71
  1603     0116                     l82:	
  1604                           ;/home/bart/Documents/Development/Embedded/pic/iroutlet/Mplab/IrOutlet.X/main.c: 192:   
      +                                            };/home/bart/Documents/Development/Embedded/pic/iroutlet/Mplab/IrOutle
      +                          t.X/main.c: 194:                     case 0b0000111:
  1605                           
  1606                           
  1607                           ;/home/bart/Documents/Development/Embedded/pic/iroutlet/Mplab/IrOutlet.X/main.c: 195:   
      +                                            {;/home/bart/Documents/Development/Embedded/pic/iroutlet/Mplab/IrOutle
      +                          t.X/main.c: 197:                         PORTAbits.RA4 = 1;
  1608     0116  160C               	bsf	12,4	;volatile
  1609                           
  1610                           ;/home/bart/Documents/Development/Embedded/pic/iroutlet/Mplab/IrOutlet.X/main.c: 198:   
      +                                                break;
  1611     0117  2967               	goto	l71
  1612     0118                     l83:	
  1613                           ;/home/bart/Documents/Development/Embedded/pic/iroutlet/Mplab/IrOutlet.X/main.c: 199:   
      +                                            };/home/bart/Documents/Development/Embedded/pic/iroutlet/Mplab/IrOutle
      +                          t.X/main.c: 201:                     case 0b0001000:
  1614                           
  1615                           
  1616                           ;/home/bart/Documents/Development/Embedded/pic/iroutlet/Mplab/IrOutlet.X/main.c: 202:   
      +                                            {;/home/bart/Documents/Development/Embedded/pic/iroutlet/Mplab/IrOutle
      +                          t.X/main.c: 204:                         PORTAbits.RA5 = 1;
  1617     0118  168C               	bsf	12,5	;volatile
  1618                           
  1619                           ;/home/bart/Documents/Development/Embedded/pic/iroutlet/Mplab/IrOutlet.X/main.c: 205:   
      +                                                break;
  1620     0119  2967               	goto	l71
  1621     011A                     l935:
  1622                           
  1623                           ;/home/bart/Documents/Development/Embedded/pic/iroutlet/Mplab/IrOutlet.X/main.c: 209:   
      +                                            {;/home/bart/Documents/Development/Embedded/pic/iroutlet/Mplab/IrOutle
      +                          t.X/main.c: 211:                         PORTC &= 0b11000000;
  1624     011A  30C0               	movlw	192
  1625     011B  058E               	andwf	14,f	;volatile
  1626                           
  1627                           ;/home/bart/Documents/Development/Embedded/pic/iroutlet/Mplab/IrOutlet.X/main.c: 212:   
      +                                                PORTA &= 0b11001111;
  1628     011C  30CF               	movlw	207
  1629     011D  058C               	andwf	12,f	;volatile
  1630                           
  1631                           ;/home/bart/Documents/Development/Embedded/pic/iroutlet/Mplab/IrOutlet.X/main.c: 213:   
      +                                                break;
  1632     011E  2967               	goto	l71
  1633     011F                     l85:	
  1634                           ;/home/bart/Documents/Development/Embedded/pic/iroutlet/Mplab/IrOutlet.X/main.c: 214:   
      +                                            };/home/bart/Documents/Development/Embedded/pic/iroutlet/Mplab/IrOutle
      +                          t.X/main.c: 216:                     case 0b00100000:
  1635                           
  1636                           
  1637                           ;/home/bart/Documents/Development/Embedded/pic/iroutlet/Mplab/IrOutlet.X/main.c: 217:   
      +                                            {;/home/bart/Documents/Development/Embedded/pic/iroutlet/Mplab/IrOutle
      +                          t.X/main.c: 219:                         PORTCbits.RC0 = 0;
  1638     011F  100E               	bcf	14,0	;volatile
  1639                           
  1640                           ;/home/bart/Documents/Development/Embedded/pic/iroutlet/Mplab/IrOutlet.X/main.c: 220:   
      +                                                break;
  1641     0120  2967               	goto	l71
  1642     0121                     l86:	
  1643                           ;/home/bart/Documents/Development/Embedded/pic/iroutlet/Mplab/IrOutlet.X/main.c: 221:   
      +                                            };/home/bart/Documents/Development/Embedded/pic/iroutlet/Mplab/IrOutle
      +                          t.X/main.c: 223:                     case 0b00100001:
  1644                           
  1645                           
  1646                           ;/home/bart/Documents/Development/Embedded/pic/iroutlet/Mplab/IrOutlet.X/main.c: 224:   
      +                                            {;/home/bart/Documents/Development/Embedded/pic/iroutlet/Mplab/IrOutle
      +                          t.X/main.c: 226:                         PORTCbits.RC1 = 0;
  1647     0121  108E               	bcf	14,1	;volatile
  1648                           
  1649                           ;/home/bart/Documents/Development/Embedded/pic/iroutlet/Mplab/IrOutlet.X/main.c: 227:   
      +                                                break;
  1650     0122  2967               	goto	l71
  1651     0123                     l87:	
  1652                           ;/home/bart/Documents/Development/Embedded/pic/iroutlet/Mplab/IrOutlet.X/main.c: 228:   
      +                                            };/home/bart/Documents/Development/Embedded/pic/iroutlet/Mplab/IrOutle
      +                          t.X/main.c: 230:                     case 0b00110010:
  1653                           
  1654                           
  1655                           ;/home/bart/Documents/Development/Embedded/pic/iroutlet/Mplab/IrOutlet.X/main.c: 231:   
      +                                            {;/home/bart/Documents/Development/Embedded/pic/iroutlet/Mplab/IrOutle
      +                          t.X/main.c: 233:                         PORTCbits.RC2 = 0;
  1656     0123  110E               	bcf	14,2	;volatile
  1657                           
  1658                           ;/home/bart/Documents/Development/Embedded/pic/iroutlet/Mplab/IrOutlet.X/main.c: 234:   
      +                                                break;
  1659     0124  2967               	goto	l71
  1660     0125                     l88:	
  1661                           ;/home/bart/Documents/Development/Embedded/pic/iroutlet/Mplab/IrOutlet.X/main.c: 235:   
      +                                            };/home/bart/Documents/Development/Embedded/pic/iroutlet/Mplab/IrOutle
      +                          t.X/main.c: 237:                     case 0b00110101:
  1662                           
  1663                           
  1664                           ;/home/bart/Documents/Development/Embedded/pic/iroutlet/Mplab/IrOutlet.X/main.c: 238:   
      +                                            {;/home/bart/Documents/Development/Embedded/pic/iroutlet/Mplab/IrOutle
      +                          t.X/main.c: 240:                         PORTCbits.RC3 = 0;
  1665     0125  118E               	bcf	14,3	;volatile
  1666                           
  1667                           ;/home/bart/Documents/Development/Embedded/pic/iroutlet/Mplab/IrOutlet.X/main.c: 241:   
      +                                                break;
  1668     0126  2967               	goto	l71
  1669     0127                     l89:	
  1670                           ;/home/bart/Documents/Development/Embedded/pic/iroutlet/Mplab/IrOutlet.X/main.c: 242:   
      +                                            };/home/bart/Documents/Development/Embedded/pic/iroutlet/Mplab/IrOutle
      +                          t.X/main.c: 244:                     case 0b00110100:
  1671                           
  1672                           
  1673                           ;/home/bart/Documents/Development/Embedded/pic/iroutlet/Mplab/IrOutlet.X/main.c: 245:   
      +                                            {;/home/bart/Documents/Development/Embedded/pic/iroutlet/Mplab/IrOutle
      +                          t.X/main.c: 247:                         PORTCbits.RC4 = 0;
  1674     0127  120E               	bcf	14,4	;volatile
  1675                           
  1676                           ;/home/bart/Documents/Development/Embedded/pic/iroutlet/Mplab/IrOutlet.X/main.c: 248:   
      +                                                break;
  1677     0128  2967               	goto	l71
  1678     0129                     l90:	
  1679                           ;/home/bart/Documents/Development/Embedded/pic/iroutlet/Mplab/IrOutlet.X/main.c: 249:   
      +                                            };/home/bart/Documents/Development/Embedded/pic/iroutlet/Mplab/IrOutle
      +                          t.X/main.c: 251:                     case 0b00110110:
  1680                           
  1681                           
  1682                           ;/home/bart/Documents/Development/Embedded/pic/iroutlet/Mplab/IrOutlet.X/main.c: 252:   
      +                                            {;/home/bart/Documents/Development/Embedded/pic/iroutlet/Mplab/IrOutle
      +                          t.X/main.c: 254:                         PORTCbits.RC5 = 0;
  1683     0129  128E               	bcf	14,5	;volatile
  1684                           
  1685                           ;/home/bart/Documents/Development/Embedded/pic/iroutlet/Mplab/IrOutlet.X/main.c: 255:   
      +                                                break;
  1686     012A  2967               	goto	l71
  1687     012B                     l91:	
  1688                           ;/home/bart/Documents/Development/Embedded/pic/iroutlet/Mplab/IrOutlet.X/main.c: 256:   
      +                                            };/home/bart/Documents/Development/Embedded/pic/iroutlet/Mplab/IrOutle
      +                          t.X/main.c: 258:                     case 0b00101001:
  1689                           
  1690                           
  1691                           ;/home/bart/Documents/Development/Embedded/pic/iroutlet/Mplab/IrOutlet.X/main.c: 259:   
      +                                            {;/home/bart/Documents/Development/Embedded/pic/iroutlet/Mplab/IrOutle
      +                          t.X/main.c: 261:                         PORTAbits.RA4 = 0;
  1692     012B  120C               	bcf	12,4	;volatile
  1693                           
  1694                           ;/home/bart/Documents/Development/Embedded/pic/iroutlet/Mplab/IrOutlet.X/main.c: 262:   
      +                                                break;
  1695     012C  2967               	goto	l71
  1696     012D                     l92:	
  1697                           ;/home/bart/Documents/Development/Embedded/pic/iroutlet/Mplab/IrOutlet.X/main.c: 263:   
      +                                            };/home/bart/Documents/Development/Embedded/pic/iroutlet/Mplab/IrOutle
      +                          t.X/main.c: 265:                     case 0b00111110:
  1698                           
  1699                           
  1700                           ;/home/bart/Documents/Development/Embedded/pic/iroutlet/Mplab/IrOutlet.X/main.c: 266:   
      +                                            {;/home/bart/Documents/Development/Embedded/pic/iroutlet/Mplab/IrOutle
      +                          t.X/main.c: 268:                         PORTAbits.RA5 = 0;
  1701     012D  128C               	bcf	12,5	;volatile
  1702                           
  1703                           ;/home/bart/Documents/Development/Embedded/pic/iroutlet/Mplab/IrOutlet.X/main.c: 269:   
      +                                                break;
  1704     012E  2967               	goto	l71
  1705     012F                     l939:
  1706     012F  0825               	movf	__execute@rc5Command+2,w
  1707                           
  1708                           ; Switch size 1, requested type "simple"
  1709                           ; Number of cases is 18, Range of values is 0 to 62
  1710                           ; switch strategies available:
  1711                           ; Name         Instructions Cycles
  1712                           ; simple_byte           55    28 (average)
  1713                           ; direct_byte          132     6 (fixed)
  1714                           ; jumptable            260     6 (fixed)
  1715                           ;	Chosen strategy is simple_byte
  1716     0130  3A00               	xorlw	0	; case 0
  1717     0131  1903               	skipnz
  1718     0132  2905               	goto	l933
  1719     0133  3A01               	xorlw	1	; case 1
  1720     0134  1903               	skipnz
  1721     0135  290A               	goto	l76
  1722     0136  3A03               	xorlw	3	; case 2
  1723     0137  1903               	skipnz
  1724     0138  290C               	goto	l77
  1725     0139  3A01               	xorlw	1	; case 3
  1726     013A  1903               	skipnz
  1727     013B  290E               	goto	l78
  1728     013C  3A07               	xorlw	7	; case 4
  1729     013D  1903               	skipnz
  1730     013E  2910               	goto	l79
  1731     013F  3A01               	xorlw	1	; case 5
  1732     0140  1903               	skipnz
  1733     0141  2912               	goto	l80
  1734     0142  3A03               	xorlw	3	; case 6
  1735     0143  1903               	skipnz
  1736     0144  2914               	goto	l81
  1737     0145  3A01               	xorlw	1	; case 7
  1738     0146  1903               	skipnz
  1739     0147  2916               	goto	l82
  1740     0148  3A0F               	xorlw	15	; case 8
  1741     0149  1903               	skipnz
  1742     014A  2918               	goto	l83
  1743     014B  3A01               	xorlw	1	; case 9
  1744     014C  1903               	skipnz
  1745     014D  291A               	goto	l935
  1746     014E  3A29               	xorlw	41	; case 32
  1747     014F  1903               	skipnz
  1748     0150  291F               	goto	l85
  1749     0151  3A01               	xorlw	1	; case 33
  1750     0152  1903               	skipnz
  1751     0153  2921               	goto	l86
  1752     0154  3A08               	xorlw	8	; case 41
  1753     0155  1903               	skipnz
  1754     0156  292B               	goto	l91
  1755     0157  3A1B               	xorlw	27	; case 50
  1756     0158  1903               	skipnz
  1757     0159  2923               	goto	l87
  1758     015A  3A06               	xorlw	6	; case 52
  1759     015B  1903               	skipnz
  1760     015C  2927               	goto	l89
  1761     015D  3A01               	xorlw	1	; case 53
  1762     015E  1903               	skipnz
  1763     015F  2925               	goto	l88
  1764     0160  3A03               	xorlw	3	; case 54
  1765     0161  1903               	skipnz
  1766     0162  2929               	goto	l90
  1767     0163  3A08               	xorlw	8	; case 62
  1768     0164  1903               	skipnz
  1769     0165  292D               	goto	l92
  1770     0166  2967               	goto	l71
  1771     0167                     l71:	
  1772                           ;/home/bart/Documents/Development/Embedded/pic/iroutlet/Mplab/IrOutlet.X/main.c: 279:   
      +                                }
  1773                           
  1774                           
  1775                           ;/home/bart/Documents/Development/Embedded/pic/iroutlet/Mplab/IrOutlet.X/main.c: 280:   
      +                            }
  1776     0167  0000               	nop
  1777     0168  28EF               	goto	l70
  1778     0169  0008               	return
  1779     016A                     __end_of__execute:
  1780                           
  1781                           	psect	intentry
  1782     0004                     __pintentry:	
  1783 ;; *************** function _isr *****************
  1784 ;; Defined at:
  1785 ;;		line 24 in file "/home/bart/Documents/Development/Embedded/pic/iroutlet/Mplab/IrOutlet.X/interrupts.c"
  1786 ;; Parameters:    Size  Location     Type
  1787 ;;		None
  1788 ;; Auto vars:     Size  Location     Type
  1789 ;;		None
  1790 ;; Return value:  Size  Location     Type
  1791 ;;                  1    wreg      void 
  1792 ;; Registers used:
  1793 ;;		wreg, fsr0l, fsr0h, status,2, status,0, pclath, cstack
  1794 ;; Tracked objects:
  1795 ;;		On entry : 0/0
  1796 ;;		On exit  : 0/0
  1797 ;;		Unchanged: 0/0
  1798 ;; Data sizes:     COMMON   BANK0   BANK1   BANK2   BANK3   BANK4   BANK5   BANK6   BANK7   BANK8   BANK9  BANK10  BANK1
      +1  BANK12
  1799 ;;      Params:         0       0       0       0       0       0       0       0       0       0       0       0       
      +0       0
  1800 ;;      Locals:         0       0       0       0       0       0       0       0       0       0       0       0       
      +0       0
  1801 ;;      Temps:          0       0       0       0       0       0       0       0       0       0       0       0       
      +0       0
  1802 ;;      Totals:         0       0       0       0       0       0       0       0       0       0       0       0       
      +0       0
  1803 ;;Total ram usage:        0 bytes
  1804 ;; Hardware stack levels used: 1
  1805 ;; Hardware stack levels required when called: 1
  1806 ;; This function calls:
  1807 ;;		_rc5IsrPin
  1808 ;;		_rc5IsrTimer
  1809 ;; This function is called by:
  1810 ;;		Interrupt level 1
  1811 ;; This function uses a non-reentrant model
  1812 ;;
  1813                           
  1814     0004                     _isr:
  1815                           
  1816                           ;incstack = 0
  1817     0004  147E               	bsf	int$flags,0	;set compiler interrupt flag (level 1)
  1818                           
  1819                           ; Regs used in _isr: [wreg-fsr0h+status,2+status,0+pclath+cstack]
  1820     0005  3180               	pagesel	$
  1821     0006  3000               	movlw	low ___int_sp
  1822     0007  0086               	movwf	6
  1823     0008  3000               	movlw	high ___int_sp
  1824     0009  0087               	movwf	7
  1825     000A                     i1l941:
  1826                           
  1827                           ;/home/bart/Documents/Development/Embedded/pic/iroutlet/Mplab/IrOutlet.X/interrupts.c: 2
      +                          6:     if ( IOCAFbits.IOCAF2 )
  1828     000A  017E               	movlb	62	; select bank62
  1829     000B  1D3F               	btfss	63,2	;volatile
  1830     000C  280E               	goto	u30_21
  1831     000D  280F               	goto	u30_20
  1832     000E                     u30_21:
  1833     000E  2814               	goto	i1l947
  1834     000F                     u30_20:
  1835     000F                     i1l943:
  1836                           
  1837                           ;/home/bart/Documents/Development/Embedded/pic/iroutlet/Mplab/IrOutlet.X/interrupts.c: 2
      +                          7:     {;/home/bart/Documents/Development/Embedded/pic/iroutlet/Mplab/IrOutlet.X/interru
      +                          pts.c: 29:         rc5IsrPin();
  1838     000F  3180  2031  3180   	fcall	_rc5IsrPin
  1839     0012                     i1l945:
  1840                           
  1841                           ;/home/bart/Documents/Development/Embedded/pic/iroutlet/Mplab/IrOutlet.X/interrupts.c: 3
      +                          0:         IOCAFbits.IOCAF2 = 0;
  1842     0012  017E               	movlb	62	; select bank62
  1843     0013  113F               	bcf	63,2	;volatile
  1844     0014                     i1l947:
  1845                           
  1846                           ;/home/bart/Documents/Development/Embedded/pic/iroutlet/Mplab/IrOutlet.X/interrupts.c: 3
      +                          3:     if ( PIR4bits.TMR2IF )
  1847     0014  014E               	movlb	14	; select bank14
  1848     0015  1C90               	btfss	16,1	;volatile
  1849     0016  2818               	goto	u31_21
  1850     0017  2819               	goto	u31_20
  1851     0018                     u31_21:
  1852     0018  281E               	goto	i1l15
  1853     0019                     u31_20:
  1854     0019                     i1l949:
  1855                           
  1856                           ;/home/bart/Documents/Development/Embedded/pic/iroutlet/Mplab/IrOutlet.X/interrupts.c: 3
      +                          4:     {;/home/bart/Documents/Development/Embedded/pic/iroutlet/Mplab/IrOutlet.X/interru
      +                          pts.c: 36:         rc5IsrTimer();
  1857     0019  3181  21C2  3180   	fcall	_rc5IsrTimer
  1858     001C                     i1l951:
  1859                           
  1860                           ;/home/bart/Documents/Development/Embedded/pic/iroutlet/Mplab/IrOutlet.X/interrupts.c: 3
      +                          7:         PIR4bits.TMR2IF = 0;
  1861     001C  014E               	movlb	14	; select bank14
  1862     001D  1090               	bcf	16,1	;volatile
  1863     001E                     i1l15:
  1864     001E  107E               	bcf	int$flags,0	;clear compiler interrupt flag (level 1)
  1865     001F  0009               	retfie
  1866     0020                     __end_of_isr:
  1867                           
  1868                           	psect	text5
  1869     01C2                     __ptext5:	
  1870 ;; *************** function _rc5IsrTimer *****************
  1871 ;; Defined at:
  1872 ;;		line 196 in file "/home/bart/Documents/Development/Embedded/pic/iroutlet/Mplab/IrOutlet.X/rc5.c"
  1873 ;; Parameters:    Size  Location     Type
  1874 ;;		None
  1875 ;; Auto vars:     Size  Location     Type
  1876 ;;		None
  1877 ;; Return value:  Size  Location     Type
  1878 ;;                  1    wreg      void 
  1879 ;; Registers used:
  1880 ;;		status,2
  1881 ;; Tracked objects:
  1882 ;;		On entry : 0/0
  1883 ;;		On exit  : 0/0
  1884 ;;		Unchanged: 0/0
  1885 ;; Data sizes:     COMMON   BANK0   BANK1   BANK2   BANK3   BANK4   BANK5   BANK6   BANK7   BANK8   BANK9  BANK10  BANK1
      +1  BANK12
  1886 ;;      Params:         0       0       0       0       0       0       0       0       0       0       0       0       
      +0       0
  1887 ;;      Locals:         0       0       0       0       0       0       0       0       0       0       0       0       
      +0       0
  1888 ;;      Temps:          0       0       0       0       0       0       0       0       0       0       0       0       
      +0       0
  1889 ;;      Totals:         0       0       0       0       0       0       0       0       0       0       0       0       
      +0       0
  1890 ;;Total ram usage:        0 bytes
  1891 ;; Hardware stack levels used: 1
  1892 ;; This function calls:
  1893 ;;		Nothing
  1894 ;; This function is called by:
  1895 ;;		_isr
  1896 ;; This function uses a non-reentrant model
  1897 ;;
  1898                           
  1899     01C2                     _rc5IsrTimer:	
  1900                           ;psect for function _rc5IsrTimer
  1901                           
  1902     01C2                     i1l761:	
  1903                           ;incstack = 0
  1904                           ; Regs used in _rc5IsrTimer: [status,2]
  1905                           
  1906                           
  1907                           ;/home/bart/Documents/Development/Embedded/pic/iroutlet/Mplab/IrOutlet.X/rc5.c: 199:    
      +                           {;/home/bart/Documents/Development/Embedded/pic/iroutlet/Mplab/IrOutlet.X/rc5.c: 201:  
      +                                 IOCAPbits.IOCAP2 = 0;
  1908     01C2  017E               	movlb	62	; select bank62
  1909     01C3  113D               	bcf	61,2	;volatile
  1910                           
  1911                           ;/home/bart/Documents/Development/Embedded/pic/iroutlet/Mplab/IrOutlet.X/rc5.c: 202:    
      +                               IOCANbits.IOCAN2 = 1;
  1912     01C4  153E               	bsf	62,2	;volatile
  1913                           
  1914                           ;/home/bart/Documents/Development/Embedded/pic/iroutlet/Mplab/IrOutlet.X/rc5.c: 203:    
      +                               PIR4bits.TMR2IF = 0;
  1915     01C5  014E               	movlb	14	; select bank14
  1916     01C6  1090               	bcf	16,1	;volatile
  1917     01C7                     i1l763:
  1918                           
  1919                           ;/home/bart/Documents/Development/Embedded/pic/iroutlet/Mplab/IrOutlet.X/rc5.c: 206:    
      +                               _state = RC5_STATE_IDLE;
  1920     01C7  01F5               	clrf	__state
  1921     01C8                     i1l171:
  1922     01C8  0008               	return
  1923     01C9                     __end_of_rc5IsrTimer:
  1924                           
  1925                           	psect	text6
  1926     0031                     __ptext6:	
  1927 ;; *************** function _rc5IsrPin *****************
  1928 ;; Defined at:
  1929 ;;		line 96 in file "/home/bart/Documents/Development/Embedded/pic/iroutlet/Mplab/IrOutlet.X/rc5.c"
  1930 ;; Parameters:    Size  Location     Type
  1931 ;;		None
  1932 ;; Auto vars:     Size  Location     Type
  1933 ;;  time            1    4[COMMON] unsigned char 
  1934 ;; Return value:  Size  Location     Type
  1935 ;;                  1    wreg      void 
  1936 ;; Registers used:
  1937 ;;		wreg, fsr0l, fsr0h, status,2, status,0
  1938 ;; Tracked objects:
  1939 ;;		On entry : 0/0
  1940 ;;		On exit  : 0/0
  1941 ;;		Unchanged: 0/0
  1942 ;; Data sizes:     COMMON   BANK0   BANK1   BANK2   BANK3   BANK4   BANK5   BANK6   BANK7   BANK8   BANK9  BANK10  BANK1
      +1  BANK12
  1943 ;;      Params:         0       0       0       0       0       0       0       0       0       0       0       0       
      +0       0
  1944 ;;      Locals:         3       0       0       0       0       0       0       0       0       0       0       0       
      +0       0
  1945 ;;      Temps:          2       0       0       0       0       0       0       0       0       0       0       0       
      +0       0
  1946 ;;      Totals:         5       0       0       0       0       0       0       0       0       0       0       0       
      +0       0
  1947 ;;Total ram usage:        5 bytes
  1948 ;; Hardware stack levels used: 1
  1949 ;; This function calls:
  1950 ;;		Nothing
  1951 ;; This function is called by:
  1952 ;;		_isr
  1953 ;; This function uses a non-reentrant model
  1954 ;;
  1955                           
  1956     0031                     _rc5IsrPin:	
  1957                           ;psect for function _rc5IsrPin
  1958                           
  1959     0031                     i1l843:	
  1960                           ;incstack = 0
  1961                           ; Regs used in _rc5IsrPin: [wreg-fsr0h+status,2+status,0]
  1962                           
  1963                           
  1964                           ;/home/bart/Documents/Development/Embedded/pic/iroutlet/Mplab/IrOutlet.X/rc5.c: 99:     
      +                          IOCAFbits.IOCAF2 = 0;
  1965     0031  017E               	movlb	62	; select bank62
  1966     0032  113F               	bcf	63,2	;volatile
  1967     0033                     i1l845:
  1968                           
  1969                           ;/home/bart/Documents/Development/Embedded/pic/iroutlet/Mplab/IrOutlet.X/rc5.c: 102:    
      +                           IOCAPbits.IOCAP2 = 1 - IOCAPbits.IOCAP2;
  1970     0033  0C3D               	rrf	61,w	;volatile
  1971     0034  0C89               	rrf	9,f
  1972     0035  3901               	andlw	1
  1973     0036  3C01               	sublw	1
  1974     0037  00F7               	movwf	??_rc5IsrPin
  1975     0038  0DF7               	rlf	??_rc5IsrPin,f
  1976     0039  0DF7               	rlf	??_rc5IsrPin,f
  1977     003A  083D               	movf	61,w	;volatile
  1978     003B  0677               	xorwf	??_rc5IsrPin,w
  1979     003C  39FB               	andlw	-5
  1980     003D  0677               	xorwf	??_rc5IsrPin,w
  1981     003E  00BD               	movwf	61	;volatile
  1982                           
  1983                           ;/home/bart/Documents/Development/Embedded/pic/iroutlet/Mplab/IrOutlet.X/rc5.c: 103:    
      +                           IOCANbits.IOCAN2 = 1 - IOCANbits.IOCAN2;
  1984     003F  0C3E               	rrf	62,w	;volatile
  1985     0040  0C89               	rrf	9,f
  1986     0041  3901               	andlw	1
  1987     0042  3C01               	sublw	1
  1988     0043  00F7               	movwf	??_rc5IsrPin
  1989     0044  0DF7               	rlf	??_rc5IsrPin,f
  1990     0045  0DF7               	rlf	??_rc5IsrPin,f
  1991     0046  083E               	movf	62,w	;volatile
  1992     0047  0677               	xorwf	??_rc5IsrPin,w
  1993     0048  39FB               	andlw	-5
  1994     0049  0677               	xorwf	??_rc5IsrPin,w
  1995     004A  00BE               	movwf	62	;volatile
  1996     004B                     i1l847:
  1997                           
  1998                           ;/home/bart/Documents/Development/Embedded/pic/iroutlet/Mplab/IrOutlet.X/rc5.c: 106:    
      +                           uint8_t time = TMR2;
  1999     004B  0145               	movlb	5	; select bank5
  2000     004C  080C               	movf	12,w	;volatile
  2001     004D  00FB               	movwf	rc5IsrPin@time
  2002     004E                     i1l849:
  2003                           
  2004                           ;/home/bart/Documents/Development/Embedded/pic/iroutlet/Mplab/IrOutlet.X/rc5.c: 107:    
      +                           TMR2 = 0b00000000;
  2005     004E  018C               	clrf	12	;volatile
  2006                           
  2007                           ;/home/bart/Documents/Development/Embedded/pic/iroutlet/Mplab/IrOutlet.X/rc5.c: 110:    
      +                           switch ( _state )
  2008     004F  28DE               	goto	i1l909
  2009     0050                     i1l154:	
  2010                           ;/home/bart/Documents/Development/Embedded/pic/iroutlet/Mplab/IrOutlet.X/rc5.c: 111:    
      +                           {;/home/bart/Documents/Development/Embedded/pic/iroutlet/Mplab/IrOutlet.X/rc5.c: 112:  
      +                                 case RC5_STATE_IDLE:
  2011                           
  2012                           
  2013                           ;/home/bart/Documents/Development/Embedded/pic/iroutlet/Mplab/IrOutlet.X/rc5.c: 113:    
      +                               {;/home/bart/Documents/Development/Embedded/pic/iroutlet/Mplab/IrOutlet.X/rc5.c: 11
      +                          5:             _state = RC5_STATE_RECV;
  2014     0050  3001               	movlw	1
  2015     0051  00F5               	movwf	__state
  2016     0052                     i1l851:
  2017                           
  2018                           ;/home/bart/Documents/Development/Embedded/pic/iroutlet/Mplab/IrOutlet.X/rc5.c: 116:    
      +                                   _bitValues = 0x0001;
  2019     0052  3001               	movlw	1
  2020     0053  00F0               	movwf	__bitValues
  2021     0054  3000               	movlw	0
  2022     0055  00F1               	movwf	__bitValues+1
  2023     0056                     i1l853:
  2024                           
  2025                           ;/home/bart/Documents/Development/Embedded/pic/iroutlet/Mplab/IrOutlet.X/rc5.c: 117:    
      +                                   _bitCount = 1;
  2026     0056  3001               	movlw	1
  2027     0057  00F4               	movwf	__bitCount
  2028     0058                     i1l855:
  2029                           
  2030                           ;/home/bart/Documents/Development/Embedded/pic/iroutlet/Mplab/IrOutlet.X/rc5.c: 118:    
      +                                   _shortPulseCount = 0;
  2031     0058  01F3               	clrf	__shortPulseCount
  2032     0059                     i1l857:
  2033                           
  2034                           ;/home/bart/Documents/Development/Embedded/pic/iroutlet/Mplab/IrOutlet.X/rc5.c: 119:    
      +                                   _previousBitValue = 1;
  2035     0059  3001               	movlw	1
  2036     005A  00F2               	movwf	__previousBitValue
  2037     005B                     i1l859:
  2038                           
  2039                           ;/home/bart/Documents/Development/Embedded/pic/iroutlet/Mplab/IrOutlet.X/rc5.c: 122:    
      +                                   PIR4bits.TMR2IF = 0;
  2040     005B  014E               	movlb	14	; select bank14
  2041     005C  1090               	bcf	16,1	;volatile
  2042     005D                     i1l861:
  2043                           
  2044                           ;/home/bart/Documents/Development/Embedded/pic/iroutlet/Mplab/IrOutlet.X/rc5.c: 123:    
      +                                   PIE4bits.TMR2IE = 1;
  2045     005D  149A               	bsf	26,1	;volatile
  2046                           
  2047                           ;/home/bart/Documents/Development/Embedded/pic/iroutlet/Mplab/IrOutlet.X/rc5.c: 124:    
      +                                   break;
  2048     005E  28EE               	goto	i1l168
  2049     005F                     i1l863:
  2050                           
  2051                           ;/home/bart/Documents/Development/Embedded/pic/iroutlet/Mplab/IrOutlet.X/rc5.c: 128:    
      +                               {;/home/bart/Documents/Development/Embedded/pic/iroutlet/Mplab/IrOutlet.X/rc5.c: 13
      +                          0:             if ( ( time > RC5_TIME_TOOSHORT )
  2052     005F  301D               	movlw	29
  2053     0060  027B               	subwf	rc5IsrPin@time,w
  2054     0061  1C03               	skipc
  2055     0062  2864               	goto	u16_21
  2056     0063  2865               	goto	u16_20
  2057     0064                     u16_21:
  2058     0064  28D7               	goto	i1l157
  2059     0065                     u16_20:
  2060     0065                     i1l865:
  2061     0065  308B               	movlw	139
  2062     0066  027B               	subwf	rc5IsrPin@time,w
  2063     0067  1803               	skipnc
  2064     0068  286A               	goto	u17_21
  2065     0069  286B               	goto	u17_20
  2066     006A                     u17_21:
  2067     006A  28D7               	goto	i1l157
  2068     006B                     u17_20:
  2069     006B                     i1l867:
  2070                           
  2071                           ;/home/bart/Documents/Development/Embedded/pic/iroutlet/Mplab/IrOutlet.X/rc5.c: 132:    
      +                                   {;/home/bart/Documents/Development/Embedded/pic/iroutlet/Mplab/IrOutlet.X/rc5.c
      +                          : 134:                 if ( time < RC5_TIME_BOUNDARY )
  2072     006B  3053               	movlw	83
  2073     006C  027B               	subwf	rc5IsrPin@time,w
  2074     006D  1803               	skipnc
  2075     006E  2870               	goto	u18_21
  2076     006F  2871               	goto	u18_20
  2077     0070                     u18_21:
  2078     0070  2889               	goto	i1l877
  2079     0071                     u18_20:
  2080     0071                     i1l869:
  2081                           
  2082                           ;/home/bart/Documents/Development/Embedded/pic/iroutlet/Mplab/IrOutlet.X/rc5.c: 135:    
      +                                       {;/home/bart/Documents/Development/Embedded/pic/iroutlet/Mplab/IrOutlet.X/r
      +                          c5.c: 137:                     if ( ++_shortPulseCount == 2 )
  2083     0071  3001               	movlw	1
  2084     0072  07F3               	addwf	__shortPulseCount,f
  2085     0073  3002               	movlw	2
  2086     0074  0673               	xorwf	__shortPulseCount,w
  2087     0075  1D03               	btfss	3,2
  2088     0076  2878               	goto	u19_21
  2089     0077  2879               	goto	u19_20
  2090     0078                     u19_21:
  2091     0078  289B               	goto	i1l885
  2092     0079                     u19_20:
  2093     0079                     i1l871:
  2094                           
  2095                           ;/home/bart/Documents/Development/Embedded/pic/iroutlet/Mplab/IrOutlet.X/rc5.c: 138:    
      +                                           {;/home/bart/Documents/Development/Embedded/pic/iroutlet/Mplab/IrOutlet
      +                          .X/rc5.c: 139:                         _bitValues <<= 1;
  2096     0079  3001               	movlw	1
  2097     007A                     u20_25:
  2098     007A  35F0               	lslf	__bitValues,f
  2099     007B  0DF1               	rlf	__bitValues+1,f
  2100     007C  0B89               	decfsz	9,f
  2101     007D  287A               	goto	u20_25
  2102                           
  2103                           ;/home/bart/Documents/Development/Embedded/pic/iroutlet/Mplab/IrOutlet.X/rc5.c: 140:    
      +                                               _bitValues |= _previousBitValue;
  2104     007E  0872               	movf	__previousBitValue,w
  2105     007F  00F7               	movwf	??_rc5IsrPin
  2106     0080  01F8               	clrf	??_rc5IsrPin+1
  2107     0081  0877               	movf	??_rc5IsrPin,w
  2108     0082  04F0               	iorwf	__bitValues,f
  2109     0083  0878               	movf	??_rc5IsrPin+1,w
  2110     0084  04F1               	iorwf	__bitValues+1,f
  2111     0085                     i1l873:
  2112                           
  2113                           ;/home/bart/Documents/Development/Embedded/pic/iroutlet/Mplab/IrOutlet.X/rc5.c: 141:    
      +                                               _bitCount++;
  2114     0085  3001               	movlw	1
  2115     0086  07F4               	addwf	__bitCount,f
  2116     0087                     i1l875:
  2117                           
  2118                           ;/home/bart/Documents/Development/Embedded/pic/iroutlet/Mplab/IrOutlet.X/rc5.c: 142:    
      +                                               _shortPulseCount = 0;
  2119     0087  01F3               	clrf	__shortPulseCount
  2120     0088  289B               	goto	i1l885
  2121     0089                     i1l877:
  2122                           
  2123                           ;/home/bart/Documents/Development/Embedded/pic/iroutlet/Mplab/IrOutlet.X/rc5.c: 146:    
      +                                       {;/home/bart/Documents/Development/Embedded/pic/iroutlet/Mplab/IrOutlet.X/r
      +                          c5.c: 148:                     _previousBitValue = 1 - _previousBitValue;
  2124     0089  0872               	movf	__previousBitValue,w
  2125     008A  3C01               	sublw	1
  2126     008B  00F2               	movwf	__previousBitValue
  2127     008C                     i1l879:
  2128                           
  2129                           ;/home/bart/Documents/Development/Embedded/pic/iroutlet/Mplab/IrOutlet.X/rc5.c: 149:    
      +                                           _bitValues <<= 1;
  2130     008C  3001               	movlw	1
  2131     008D                     u21_25:
  2132     008D  35F0               	lslf	__bitValues,f
  2133     008E  0DF1               	rlf	__bitValues+1,f
  2134     008F  0B89               	decfsz	9,f
  2135     0090  288D               	goto	u21_25
  2136     0091                     i1l881:
  2137                           
  2138                           ;/home/bart/Documents/Development/Embedded/pic/iroutlet/Mplab/IrOutlet.X/rc5.c: 150:    
      +                                           _bitValues |= _previousBitValue;
  2139     0091  0872               	movf	__previousBitValue,w
  2140     0092  00F7               	movwf	??_rc5IsrPin
  2141     0093  01F8               	clrf	??_rc5IsrPin+1
  2142     0094  0877               	movf	??_rc5IsrPin,w
  2143     0095  04F0               	iorwf	__bitValues,f
  2144     0096  0878               	movf	??_rc5IsrPin+1,w
  2145     0097  04F1               	iorwf	__bitValues+1,f
  2146                           
  2147                           ;/home/bart/Documents/Development/Embedded/pic/iroutlet/Mplab/IrOutlet.X/rc5.c: 151:    
      +                                           _bitCount++;
  2148     0098  3001               	movlw	1
  2149     0099  07F4               	addwf	__bitCount,f
  2150     009A  2887               	goto	i1l875
  2151     009B                     i1l885:
  2152                           
  2153                           ;/home/bart/Documents/Development/Embedded/pic/iroutlet/Mplab/IrOutlet.X/rc5.c: 155:    
      +                                       if ( _bitCount == 14 )
  2154     009B  300E               	movlw	14
  2155     009C  0674               	xorwf	__bitCount,w
  2156     009D  1D03               	btfss	3,2
  2157     009E  28A0               	goto	u22_21
  2158     009F  28A1               	goto	u22_20
  2159     00A0                     u22_21:
  2160     00A0  28EE               	goto	i1l168
  2161     00A1                     u22_20:
  2162     00A1                     i1l887:
  2163                           
  2164                           ;/home/bart/Documents/Development/Embedded/pic/iroutlet/Mplab/IrOutlet.X/rc5.c: 156:    
      +                                       {;/home/bart/Documents/Development/Embedded/pic/iroutlet/Mplab/IrOutlet.X/r
      +                          c5.c: 158:                     IOCAPbits.IOCAP2 = 0;
  2165     00A1  017E               	movlb	62	; select bank62
  2166     00A2  113D               	bcf	61,2	;volatile
  2167                           
  2168                           ;/home/bart/Documents/Development/Embedded/pic/iroutlet/Mplab/IrOutlet.X/rc5.c: 159:    
      +                                           IOCANbits.IOCAN2 = 1;
  2169     00A3  153E               	bsf	62,2	;volatile
  2170                           
  2171                           ;/home/bart/Documents/Development/Embedded/pic/iroutlet/Mplab/IrOutlet.X/rc5.c: 160:    
      +                                           PIR4bits.TMR2IF = 0;
  2172     00A4  014E               	movlb	14	; select bank14
  2173     00A5  1090               	bcf	16,1	;volatile
  2174     00A6                     i1l889:
  2175                           
  2176                           ;/home/bart/Documents/Development/Embedded/pic/iroutlet/Mplab/IrOutlet.X/rc5.c: 163:    
      +                                           _rc5Command.toggle = ( ( _bitValues >> 11 ) & 0x01 ) ? 1 : 0;
  2177     00A6  0871               	movf	__bitValues+1,w
  2178     00A7  00F8               	movwf	??_rc5IsrPin+1
  2179     00A8  0870               	movf	__bitValues,w
  2180     00A9  00F7               	movwf	??_rc5IsrPin
  2181     00AA  300B               	movlw	11
  2182     00AB                     u23_25:
  2183     00AB  36F8               	lsrf	??_rc5IsrPin+1,f
  2184     00AC  0CF7               	rrf	??_rc5IsrPin,f
  2185     00AD  0B89               	decfsz	9,f
  2186     00AE  28AB               	goto	u23_25
  2187     00AF  1877               	btfsc	??_rc5IsrPin,0
  2188     00B0  28B2               	goto	u24_21
  2189     00B1  28B4               	goto	u24_20
  2190     00B2                     u24_21:
  2191     00B2  3001               	movlw	1
  2192     00B3  28B5               	goto	u25_20
  2193     00B4                     u24_20:
  2194     00B4  3000               	movlw	0
  2195     00B5                     u25_20:
  2196     00B5  0140               	movlb	0	; select bank0
  2197     00B6  00A0               	movwf	__rc5Command	;volatile
  2198                           
  2199                           ;/home/bart/Documents/Development/Embedded/pic/iroutlet/Mplab/IrOutlet.X/rc5.c: 164:    
      +                                           _rc5Command.address = ( ( _bitValues >> 6 ) & 0x1F );
  2200     00B7  0871               	movf	__bitValues+1,w
  2201     00B8  00F8               	movwf	??_rc5IsrPin+1
  2202     00B9  0870               	movf	__bitValues,w
  2203     00BA  00F7               	movwf	??_rc5IsrPin
  2204     00BB  3006               	movlw	6
  2205     00BC                     u26_25:
  2206     00BC  36F8               	lsrf	??_rc5IsrPin+1,f
  2207     00BD  0CF7               	rrf	??_rc5IsrPin,f
  2208     00BE  0B89               	decfsz	9,f
  2209     00BF  28BC               	goto	u26_25
  2210     00C0  0877               	movf	??_rc5IsrPin,w
  2211     00C1  391F               	andlw	31
  2212     00C2  00A1               	movwf	__rc5Command+1	;volatile
  2213     00C3                     i1l891:
  2214                           
  2215                           ;/home/bart/Documents/Development/Embedded/pic/iroutlet/Mplab/IrOutlet.X/rc5.c: 165:    
      +                                           _rc5Command.command = ( _bitValues & 0x3F );
  2216     00C3  0870               	movf	__bitValues,w
  2217     00C4  393F               	andlw	63
  2218     00C5  00A2               	movwf	__rc5Command+2	;volatile
  2219     00C6                     i1l893:
  2220                           
  2221                           ;/home/bart/Documents/Development/Embedded/pic/iroutlet/Mplab/IrOutlet.X/rc5.c: 166:    
      +                                           _rc5Command.command |= ( ( _bitValues & 0x1000 ) ? 0x00 : 0x40 );
  2222     00C6  1A71               	btfsc	__bitValues+1,4
  2223     00C7  28C9               	goto	u27_21
  2224     00C8  28CA               	goto	u27_20
  2225     00C9                     u27_21:
  2226     00C9  28CF               	goto	i1l897
  2227     00CA                     u27_20:
  2228     00CA                     i1l895:
  2229     00CA  3040               	movlw	64
  2230     00CB  00F9               	movwf	_rc5IsrPin$632
  2231     00CC  3000               	movlw	0
  2232     00CD  00FA               	movwf	_rc5IsrPin$632+1
  2233     00CE  28D1               	goto	i1l899
  2234     00CF                     i1l897:
  2235     00CF  01F9               	clrf	_rc5IsrPin$632
  2236     00D0  01FA               	clrf	_rc5IsrPin$632+1
  2237     00D1                     i1l899:
  2238     00D1  0879               	movf	_rc5IsrPin$632,w	;volatile
  2239     00D2  04A2               	iorwf	__rc5Command+2,f	;volatile
  2240     00D3                     i1l901:
  2241                           
  2242                           ;/home/bart/Documents/Development/Embedded/pic/iroutlet/Mplab/IrOutlet.X/rc5.c: 169:    
      +                                           _state = RC5_STATE_IDLE;
  2243     00D3  01F5               	clrf	__state
  2244     00D4                     i1l903:
  2245                           
  2246                           ;/home/bart/Documents/Development/Embedded/pic/iroutlet/Mplab/IrOutlet.X/rc5.c: 170:    
      +                                           _rc5CommandAvailable = 1;
  2247     00D4  3001               	movlw	1
  2248     00D5  00F6               	movwf	__rc5CommandAvailable	;volatile
  2249     00D6  28EE               	goto	i1l168
  2250     00D7                     i1l157:	
  2251                           ;/home/bart/Documents/Development/Embedded/pic/iroutlet/Mplab/IrOutlet.X/rc5.c: 173:    
      +                                   else
  2252                           
  2253                           
  2254                           ;/home/bart/Documents/Development/Embedded/pic/iroutlet/Mplab/IrOutlet.X/rc5.c: 174:    
      +                                   {;/home/bart/Documents/Development/Embedded/pic/iroutlet/Mplab/IrOutlet.X/rc5.c
      +                          : 176:                 IOCAPbits.IOCAP2 = 0;
  2255     00D7  017E               	movlb	62	; select bank62
  2256     00D8  113D               	bcf	61,2	;volatile
  2257                           
  2258                           ;/home/bart/Documents/Development/Embedded/pic/iroutlet/Mplab/IrOutlet.X/rc5.c: 177:    
      +                                       IOCANbits.IOCAN2 = 1;
  2259     00D9  153E               	bsf	62,2	;volatile
  2260                           
  2261                           ;/home/bart/Documents/Development/Embedded/pic/iroutlet/Mplab/IrOutlet.X/rc5.c: 178:    
      +                                       PIR4bits.TMR2IF = 0;
  2262     00DA  014E               	movlb	14	; select bank14
  2263     00DB  1090               	bcf	16,1	;volatile
  2264     00DC                     i1l905:
  2265                           
  2266                           ;/home/bart/Documents/Development/Embedded/pic/iroutlet/Mplab/IrOutlet.X/rc5.c: 181:    
      +                                       _state = RC5_STATE_IDLE;
  2267     00DC  01F5               	clrf	__state
  2268     00DD  28EE               	goto	i1l168
  2269     00DE                     i1l909:
  2270     00DE  0875               	movf	__state,w
  2271     00DF  00F7               	movwf	??_rc5IsrPin
  2272     00E0  01F8               	clrf	??_rc5IsrPin+1
  2273                           
  2274                           ; Switch on 2 bytes has been partitioned into a top level switch of size 1, and 1 sub-sw
      +                          itches
  2275                           ; Switch size 1, requested type "simple"
  2276                           ; Number of cases is 1, Range of values is 0 to 0
  2277                           ; switch strategies available:
  2278                           ; Name         Instructions Cycles
  2279                           ; simple_byte            4     3 (average)
  2280                           ; direct_byte            8     6 (fixed)
  2281                           ; jumptable            260     6 (fixed)
  2282                           ;	Chosen strategy is simple_byte
  2283     00E1  0878               	movf	??_rc5IsrPin+1,w
  2284     00E2  3A00               	xorlw	0	; case 0
  2285     00E3  1903               	skipnz
  2286     00E4  28E6               	goto	i1l997
  2287     00E5  28EE               	goto	i1l168
  2288     00E6                     i1l997:
  2289                           
  2290                           ; Switch size 1, requested type "simple"
  2291                           ; Number of cases is 2, Range of values is 0 to 1
  2292                           ; switch strategies available:
  2293                           ; Name         Instructions Cycles
  2294                           ; simple_byte            7     4 (average)
  2295                           ; direct_byte           10     6 (fixed)
  2296                           ; jumptable            260     6 (fixed)
  2297                           ;	Chosen strategy is simple_byte
  2298     00E6  0877               	movf	??_rc5IsrPin,w
  2299     00E7  3A00               	xorlw	0	; case 0
  2300     00E8  1903               	skipnz
  2301     00E9  2850               	goto	i1l154
  2302     00EA  3A01               	xorlw	1	; case 1
  2303     00EB  1903               	skipnz
  2304     00EC  285F               	goto	i1l863
  2305     00ED  28EE               	goto	i1l168
  2306     00EE                     i1l168:
  2307     00EE  0008               	return
  2308     00EF                     __end_of_rc5IsrPin:
  2309     0002                     ___latbits      equ	2
  2310     007E                     btemp           set	126	;btemp
  2311     007E                     int$flags       set	126
  2312     007E                     btemp0          set	126
  2313     007F                     btemp1          set	127
  2314     007E                     wtemp0          set	126
  2315     007F                     wtemp0a         set	127
  2316     007F                     ttemp0a         set	127
  2317     0080                     ltemp0a         set	128
  2318                           
  2319                           	psect	idloc
  2320                           
  2321                           ;Config register IDLOC0 @ 0x8000
  2322                           ;	unspecified, using default values
  2323     8000                     	org	32768
  2324     8000  3FFF               	dw	16383
  2325                           
  2326                           ;Config register IDLOC1 @ 0x8001
  2327                           ;	unspecified, using default values
  2328     8001                     	org	32769
  2329     8001  3FFF               	dw	16383
  2330                           
  2331                           ;Config register IDLOC2 @ 0x8002
  2332                           ;	unspecified, using default values
  2333     8002                     	org	32770
  2334     8002  3FFF               	dw	16383
  2335                           
  2336                           ;Config register IDLOC3 @ 0x8003
  2337                           ;	unspecified, using default values
  2338     8003                     	org	32771
  2339     8003  3FFF               	dw	16383
  2340                           
  2341                           	psect	config
  2342                           
  2343                           ;Config register CONFIG1 @ 0x8007
  2344                           ;	External Oscillator mode selection bits
  2345                           ;	FEXTOSC = OFF, Oscillator not enabled
  2346                           ;	Power-up default value for COSC bits
  2347                           ;	RSTOSC = HFINT32, HFINTOSC with OSCFRQ= 32 MHz and CDIV = 1:1
  2348                           ;	Clock Out Enable bit
  2349                           ;	CLKOUTEN = OFF, CLKOUT function is disabled; i/o or oscillator function on OSC2
  2350                           ;	Clock Switch Enable bit
  2351                           ;	CSWEN = OFF, The NOSC and NDIV bits cannot be changed by user software
  2352                           ;	Fail-Safe Clock Monitor Enable bit
  2353                           ;	FCMEN = OFF, FSCM timer disabled
  2354     8007                     	org	32775
  2355     8007  178C               	dw	6028
  2356                           
  2357                           ;Config register CONFIG2 @ 0x8008
  2358                           ;	Master Clear Enable bit
  2359                           ;	MCLRE = ON, MCLR pin is Master Clear function
  2360                           ;	Power-up Timer Enable bit
  2361                           ;	PWRTE = OFF, PWRT disabled
  2362                           ;	Low-Power BOR enable bit
  2363                           ;	LPBOREN = OFF, ULPBOR disabled
  2364                           ;	Brown-out reset enable bits
  2365                           ;	BOREN = OFF, Brown-out reset disabled
  2366                           ;	Brown-out Reset Voltage Selection
  2367                           ;	BORV = LO, Brown-out Reset Voltage (VBOR) set to 1.9V on LF, and 2.45V on F Devices
  2368                           ;	Zero-cross detect disable
  2369                           ;	ZCD = OFF, Zero-cross detect circuit is disabled at POR.
  2370                           ;	Peripheral Pin Select one-way control
  2371                           ;	PPS1WAY = OFF, The PPSLOCK bit can be set and cleared repeatedly by software
  2372                           ;	Stack Overflow/Underflow Reset Enable bit
  2373                           ;	STVREN = ON, Stack Overflow or Underflow will cause a reset
  2374     8008                     	org	32776
  2375     8008  373F               	dw	14143
  2376                           
  2377                           ;Config register CONFIG3 @ 0x8009
  2378                           ;	WDT Period Select bits
  2379                           ;	WDTCPS = WDTCPS_31, Divider ratio 1:65536; software control of WDTPS
  2380                           ;	WDT operating mode
  2381                           ;	WDTE = OFF, WDT Disabled, SWDTEN is ignored
  2382                           ;	WDT Window Select bits
  2383                           ;	WDTCWS = WDTCWS_7, window always open (100%); software control; keyed access not requi
      +                          red
  2384                           ;	WDT input clock selector
  2385                           ;	WDTCCS = SC, Software Control
  2386     8009                     	org	32777
  2387     8009  3F9F               	dw	16287
  2388                           
  2389                           ;Config register CONFIG4 @ 0x800A
  2390                           ;	Boot Block Size Selection bits
  2391                           ;	BBSIZE = BB512, 512 words boot block size
  2392                           ;	Boot Block Enable bit
  2393                           ;	BBEN = OFF, Boot Block disabled
  2394                           ;	SAF Enable bit
  2395                           ;	SAFEN = OFF, SAF disabled
  2396                           ;	Application Block Write Protection bit
  2397                           ;	WRTAPP = OFF, Application Block not write protected
  2398                           ;	Boot Block Write Protection bit
  2399                           ;	WRTB = OFF, Boot Block not write protected
  2400                           ;	Configuration Register Write Protection bit
  2401                           ;	WRTC = OFF, Configuration Register not write protected
  2402                           ;	Storage Area Flash Write Protection bit
  2403                           ;	WRTSAF = OFF, SAF not write protected
  2404                           ;	Low Voltage Programming Enable bit
  2405                           ;	LVP = OFF, High Voltage on MCLR/Vpp must be used for programming
  2406     800A                     	org	32778
  2407     800A  1FFF               	dw	8191
  2408                           
  2409                           ;Config register CONFIG5 @ 0x800B
  2410                           ;	UserNVM Program memory code protection bit
  2411                           ;	CP = OFF, UserNVM code protection disabled
  2412     800B                     	org	32779
  2413     800B  3FFF               	dw	16383

Data Sizes:
    Strings     0
    Constant    0
    Data        0
    BSS         10
    Persistent  48
    Stack       0

Auto Spaces:
    Space          Size  Autos    Used
    COMMON           14      5      12
    BANK0            80      3       6
    BANK1            80      0       0
    BANK2            80      0       0
    BANK3            80      0       0
    BANK4            80      0       0
    BANK5            80      0       0
    BANK6            80      0       0
    BANK7            80      0       0
    BANK8            80      0       0
    BANK9            80      0       0
    BANK10           80      0       0
    BANK11           80      0       0
    BANK12           48      0       0

Pointer List with Targets:

    None.

Critical Paths under _main in COMMON

    None.

Critical Paths under _isr in COMMON

    _isr->_rc5IsrPin

Critical Paths under _main in BANK0

    _main->__execute

Critical Paths under _isr in BANK0

    None.

Critical Paths under _main in BANK1

    None.

Critical Paths under _isr in BANK1

    None.

Critical Paths under _main in BANK2

    None.

Critical Paths under _isr in BANK2

    None.

Critical Paths under _main in BANK3

    None.

Critical Paths under _isr in BANK3

    None.

Critical Paths under _main in BANK4

    None.

Critical Paths under _isr in BANK4

    None.

Critical Paths under _main in BANK5

    None.

Critical Paths under _isr in BANK5

    None.

Critical Paths under _main in BANK6

    None.

Critical Paths under _isr in BANK6

    None.

Critical Paths under _main in BANK7

    None.

Critical Paths under _isr in BANK7

    None.

Critical Paths under _main in BANK8

    None.

Critical Paths under _isr in BANK8

    None.

Critical Paths under _main in BANK9

    None.

Critical Paths under _isr in BANK9

    None.

Critical Paths under _main in BANK10

    None.

Critical Paths under _isr in BANK10

    None.

Critical Paths under _main in BANK11

    None.

Critical Paths under _isr in BANK11

    None.

Critical Paths under _main in BANK12

    None.

Critical Paths under _isr in BANK12

    None.

Call Graph Tables:

 ---------------------------------------------------------------------------------
 (Depth) Function   	        Calls       Base Space   Used Autos Params    Refs
 ---------------------------------------------------------------------------------
 (0) _main                                                 0     0      0      48
                           __execute
                        __initialize
 ---------------------------------------------------------------------------------
 (1) __initialize                                          0     0      0       0
                           _rc5Setup
 ---------------------------------------------------------------------------------
 (2) _rc5Setup                                             0     0      0       0
 ---------------------------------------------------------------------------------
 (1) __execute                                             3     3      0      48
                                              0 BANK0      3     3      0
 ---------------------------------------------------------------------------------
 Estimated maximum stack depth 2
 ---------------------------------------------------------------------------------
 (Depth) Function   	        Calls       Base Space   Used Autos Params    Refs
 ---------------------------------------------------------------------------------
 (3) _isr                                                  0     0      0      91
                          _rc5IsrPin
                        _rc5IsrTimer
 ---------------------------------------------------------------------------------
 (4) _rc5IsrTimer                                          0     0      0       0
 ---------------------------------------------------------------------------------
 (4) _rc5IsrPin                                            5     5      0      91
                                              0 COMMON     5     5      0
 ---------------------------------------------------------------------------------
 Estimated maximum stack depth 4
 ---------------------------------------------------------------------------------

 Call Graph Graphs:

 _main (ROOT)
   __execute
   __initialize
     _rc5Setup

 _isr (ROOT)
   _rc5IsrPin
   _rc5IsrTimer

Address spaces:
Name               Size   Autos  Total    Usage
BITCOMMON           14      0       0      0.0%
BITBANK0            80      0       0      0.0%
BITBANK1            80      0       0      0.0%
BITBANK2            80      0       0      0.0%
BITBANK3            80      0       0      0.0%
BITBANK4            80      0       0      0.0%
BITBANK5            80      0       0      0.0%
BITBANK6            80      0       0      0.0%
BITBANK7            80      0       0      0.0%
BITBANK8            80      0       0      0.0%
BITBANK9            80      0       0      0.0%
BITBANK10           80      0       0      0.0%
BITBANK11           80      0       0      0.0%
BITBANK12           48      0       0      0.0%
BIGRAM            1008      0       0      0.0%
COMMON              14      5      12     85.7%
BANK0               80      3       6      7.5%
BANK1               80      0       0      0.0%
BANK2               80      0       0      0.0%
BANK3               80      0       0      0.0%
BANK4               80      0       0      0.0%
BANK5               80      0       0      0.0%
BANK6               80      0       0      0.0%
BANK7               80      0       0      0.0%
BANK8               80      0       0      0.0%
BANK9               80      0       0      0.0%
BANK10              80      0       0      0.0%
BANK11              80      0       0      0.0%
BANK12              48      0       0      0.0%
STACK                0      0       0      0.0%
DATA                 0      0      19      0.0%


Microchip Technology PIC Macro Assembler V3.10 build 20250813170317 
Symbol Table                                                                                   Tue Sep 22 09:47:43 2026

                     l70 00EF                       l71 0167                       l80 0112  
                     l64 01C0                       l81 0114                       l90 0129  
                     l82 0116                       l91 012B                       l83 0118  
                     l67 01B9                       l92 012D                       l76 010A  
                     l85 011F                       l77 010C                       l86 0121  
                     l78 010E                       l87 0123                       l79 0110  
                     l88 0125                       l89 0127            rc5IsrPin@time 007B  
                    l150 0192                      l651 0177                      l661 0181  
                    l653 0178                      l645 016A                      l671 0188  
                    l663 0182                      l655 017B                      l647 016C  
                    l921 00F4                      l681 018F                      l673 0189  
                    l665 0184                      l657 017D                      l649 0176  
                    l923 00F5                      l683 0191                      l675 018B  
                    l667 0185                      l659 017F                      l771 01B8  
                    l933 0105                      l925 00FC                      l677 018D  
                    l669 0187                      l765 0193                      l935 011A  
                    l927 00FD                      l919 00EF                      l679 018E  
                    l767 0198                      l929 00FE                      l769 01B5  
                    l953 01BA                      l939 012F                      l955 01BD  
                    u280 00F4                      u281 00F3                      u290 0104  
                    u291 0103                      _isr 0004                      wreg 0009  
                   ?_isr 0077                     _LATA 0018                     _LATC 001A  
                   _T2PR 028D                     i1l15 001E                     _TMR2 028C  
                   _main 01BA                     fsr1h 0007                     fsr1l 0006  
                   btemp 007E                     start 0020                    ??_isr 007C  
                  ?_main 0077                    i1l154 0050                    i1l171 01C8  
                  i1l157 00D7                    i1l168 00EE                    i1l901 00D3  
                  i1l903 00D4                    i1l905 00DC                    i1l761 01C2  
                  i1l851 0052                    i1l843 0031                    i1l763 01C7  
                  i1l861 005D                    i1l853 0056                    i1l909 00DE  
                  i1l845 0033                    i1l941 000A                    i1l871 0079  
                  i1l863 005F                    i1l855 0058                    i1l847 004B  
                  i1l951 001C                    i1l943 000F                    i1l881 0091  
                  i1l873 0085                    i1l865 0065                    i1l857 0059  
                  i1l849 004E                    i1l945 0012                    i1l891 00C3  
                  i1l875 0087                    i1l867 006B                    i1l859 005B  
                  i1l947 0014                    i1l893 00C6                    i1l885 009B  
                  i1l869 0071                    i1l877 0089                    i1l949 0019  
                  i1l895 00CA                    i1l887 00A1                    i1l879 008C  
                  i1l897 00CF                    i1l889 00A6                    i1l899 00D1  
                  i1l997 00E6                    u20_25 007A                    u21_25 008D  
                  u22_20 00A1                    u30_20 000F                    u22_21 00A0  
                  u30_21 000E                    u31_20 0019                    u31_21 0018  
                  u23_25 00AB                    u24_20 00B4                    u16_20 0065  
                  u24_21 00B2                    u16_21 0064                    u25_20 00B5  
                  u17_20 006B                    u17_21 006A                    u18_20 0071  
                  u18_21 0070                    u26_25 00BC                    u27_20 00CA  
                  u19_20 0079                    u27_21 00C9                    u19_21 0078  
                  _PORTA 000C                    _PORTC 000E                    _TRISA 0012  
                  _TRISC 0014                    btemp0 007E                    btemp1 007F  
                  status 0003                    wtemp0 007E          __initialization 0022  
           __end_of_main 01C2                   ??_main 0026                   _ANSELA 1F38  
                 _ANSELC 1F4E                   _ODCONA 1F3A                   _ODCONC 1F50  
       __end_of_rc5Setup 0193         __end_of__execute 016A                   __state 0075  
                 ltemp0a 0080                   ttemp0a 007F     __rc5CommandAvailable 0076  
                 wtemp0a 007F        __previousBitValue 0072  __end_of__initialization 002D  
         __pcstackCOMMON 0077               __bitValues 0070      __execute@rc5Command 0023  
             __pbssBANK0 0020             _T2CLKCONbits 0290               __pmaintext 01BA  
             __pintentry 0004                ?_rc5Setup 0077            _rc5IsrPin$632 0079  
              ?__execute 0077        __end_of_rc5IsrPin 00EF                  _SLRCONA 1F3B  
                _SLRCONC 1F51            ??_rc5IsrTimer 0077                  __ptext1 0193  
                __ptext2 016A                  __ptext3 00EF                  __ptext5 01C2  
                __ptext6 0031                _T2CONbits 028E               ??_rc5Setup 0023  
             ??__execute 0023            ??__initialize 0023                _IOCAFbits 1F3F  
              _T2HLTbits 028F                _IOCANbits 1F3E                _IOCAPbits 1F3D  
   end_of_initialization 002D                _T2RSTbits 0291      __end_of_rc5IsrTimer 01C9  
              _PORTAbits 000C                _PORTCbits 000E                _TRISAbits 0012  
            __rc5Command 0020      __end_of__initialize 01BA      start_initialization 0022  
            __end_of_isr 0020         __shortPulseCount 0073              _rc5IsrTimer 01C2  
            __pbssCOMMON 0070                ___latbits 0002            __pcstackBANK0 0023  
              __bitCount 0074              __initialize 0193                _rc5IsrPin 0031  
             ?_rc5IsrPin 0077                 _LATAbits 0018                 _PIE0bits 0716  
               _PIE4bits 071A                 _PMD4bits 079A                 _PIR4bits 0710  
               _WPUAbits 1F39                 ___int_sp 0000               _ANSELAbits 1F38  
               _rc5Setup 016A                 __execute 00EF              ??_rc5IsrPin 0077  
           ?_rc5IsrTimer 0077                 int$flags 007E               _INLVLAbits 1F3C  
             _INTCONbits 000B             ?__initialize 0077                 intlevel1 0000  
